id,query,expected_tool,route_tool,pred_tool,route_hit,final_hit,param_checked,param_hit,error,pred_params,expected_params,latency_ms
1,播放大生意人,vod_search,vod_search,vod_search,1,1,1,0,,"{""query"": {""and"": [{""field"": ""action"", ""value"": ""play""}, {""field"": ""title"", ""value"": ""大生意人""}]}}","{""query"": {""field"": ""title"", ""value"": ""大生意人""}}",2011
2,给我放战狼2,vod_search,vod_search,vod_search,1,1,1,0,,"{""query"": {""and"": [{""field"": ""action"", ""value"": ""play""}, {""field"": ""title"", ""value"": ""战狼2""}]}}","{""query"": {""field"": ""title"", ""value"": ""战狼2""}}",2128
3,放第1集哑巴新娘,vod_search,vod_search,vod_search,1,1,1,0,,"{""query"": {""and"": [{""field"": ""action"", ""value"": ""play""}, {""field"": ""title"", ""value"": ""哑巴新娘""}, {""field"": ""series"", ""value"": 1}, {""field"": ""videoIndex"", ""value"": 1}]}}","{""query"": {""field"": ""title"", ""value"": ""哑巴新娘""}}",2814
4,生万物第3集第10分钟,vod_search,vod_search,vod_search,1,1,1,0,,"{""query"": {""and"": [{""field"": ""action"", ""value"": ""play""}, {""field"": ""title"", ""value"": ""生万物""}, {""field"": ""series"", ""value"": 3}, {""field"": ""videoIndex"", ""value"": 10}]}}","{""query"": {""field"": ""title"", ""value"": ""生万物""}}",2707
5,我要看海王第55分钟,vod_search,vod_search,vod_search,1,1,1,0,,"{""query"": {""and"": [{""field"": ""action"", ""value"": ""play""}, {""field"": ""title"", ""value"": ""海王""}, {""field"": ""videoIndex"", ""value"": 55}]}}","{""query"": {""field"": ""title"", ""value"": ""海王""}}",2527
6,免费的电视剧英雄泪,vod_search,vod_search,vod_search,1,1,1,1,,"{""query"": {""and"": [{""field"": ""title"", ""value"": ""英雄泪""}, {""field"": ""category"", ""value"": ""电视剧""}, {""field"": ""fee"", ""value"": 0}]}}","{""query"": {""and"": [{""field"": ""title"", ""value"": ""英雄泪""}, {""field"": ""category"", ""value"": ""电视剧""}, {""field"": ""fee"", ""value"": 0}]}}",2974
7,请播黄河在咆哮谢谢,vod_search,vod_search,vod_search,1,1,1,0,,"{""query"": {""and"": [{""field"": ""action"", ""value"": ""play""}, {""field"": ""title"", ""value"": ""黄河在咆哮""}]}}","{""query"": {""field"": ""title"", ""value"": ""黄河在咆哮""}}",2270
8,新出的陈翔六点半,vod_search,vod_search,vod_search,1,1,1,0,,"{""query"": {""and"": [{""field"": ""title"", ""value"": ""陈翔六点半""}, {""field"": ""release_year"", ""from"": ""20240101"", ""to"": ""*""}]}, ""sort"": {""new"": {""order"": ""desc""}}}","{""query"": {""field"": ""title"", ""value"": ""陈翔六点半""}, ""sort"": {""new"": {""order"": ""desc""}}}",3476
9,小度小度播放电视剧用一生去爱你,vod_search,vod_search,vod_search,1,1,1,0,,"{""query"": {""and"": [{""field"": ""action"", ""value"": ""play""}, {""field"": ""title"", ""value"": ""用一生去爱你""}]}}","{""query"": {""and"": [{""field"": ""title"", ""value"": ""用一生去爱你""}, {""field"": ""category"", ""value"": ""电视剧""}]}}",2168
10,我要看庆余年第二季第三集,vod_search,vod_search,vod_search,1,1,1,0,,"{""query"": {""and"": [{""field"": ""action"", ""value"": ""play""}, {""field"": ""title"", ""value"": ""庆余年""}, {""field"": ""series"", ""value"": 2}, {""field"": ""videoIndex"", ""value"": 3}]}}","{""query"": {""and"": [{""field"": ""title"", ""value"": ""庆余年2""}]}}",2378
11,你好请播放电视剧秘杀名单,vod_search,vod_search,vod_search,1,1,1,0,,"{""query"": {""and"": [{""field"": ""action"", ""value"": ""play""}, {""field"": ""title"", ""value"": ""秘杀名单""}, {""field"": ""series"", ""value"": 1}, {""field"": ""videoIndex"", ""value"": 1}]}}","{""query"": {""and"": [{""field"": ""title"", ""value"": ""秘杀名单""}, {""field"": ""category"", ""value"": ""电视剧""}]}}",2367
12,播放电影封神第一部第34分,vod_search,vod_search,vod_search,1,1,1,0,,"{""query"": {""and"": [{""field"": ""action"", ""value"": ""play""}, {""field"": ""title"", ""value"": ""封神第一部""}, {""field"": ""series"", ""value"": 1}, {""field"": ""videoIndex"", ""value"": 34}]}}","{""query"": {""and"": [{""field"": ""title"", ""value"": ""封神1""}, {""field"": ""category"", ""value"": ""电影""}]}}",2341
13,播放不是VIP的最强大脑第七季第十集,vod_search,vod_search,vod_search,1,1,1,0,,"{""query"": {""and"": [{""field"": ""action"", ""value"": ""play""}, {""and"": [{""field"": ""title"", ""value"": ""最强大脑""}, {""not"": {""field"": ""fee"", ""value"": 1}}]}, {""field"": ""series"", ""value"": 7}, {""field"": ""videoIndex"", ""value"": 10}]}}","{""query"": {""and"": [{""field"": ""title"", ""value"": ""最强大脑7""}, {""field"": ""fee"", ""value"": 0}]}}",2812
14,找到人间世的纪录片全集,vod_search,vod_search,vod_search,1,1,1,1,,"{""query"": {""and"": [{""field"": ""title"", ""value"": ""人间世""}, {""field"": ""category"", ""value"": ""纪录片""}]}}","{""query"": {""and"": [{""field"": ""title"", ""value"": ""人间世""}, {""field"": ""category"", ""value"": ""纪录片""}]}}",2075
15,以家人之名DVD版,vod_search,vod_slow_search_data_search,vod_slow_search_data_search,0,0,1,0,,,"{""query"": {""and"": [{""field"": ""title"", ""value"": ""以家人之名""}, {""field"": ""tag"", ""value"": ""DVD版""}]}}",2541
16,真人版的狐妖小红娘,vod_search,vod_search,vod_search,1,1,1,1,,"{""query"": {""and"": [{""field"": ""title"", ""value"": ""狐妖小红娘""}, {""field"": ""tag"", ""value"": ""真人版""}]}}","{""query"": {""and"": [{""field"": ""title"", ""value"": ""狐妖小红娘""}, {""field"": ""tag"", ""value"": ""真人版""}]}}",2519
17,射雕英雄传八三版的,vod_slow_search_data_search,vod_search,vod_search,0,0,0,0,,"{""query"": {""and"": [{""field"": ""title"", ""value"": ""射雕英雄传""}, {""field"": ""release_year"", ""from"": ""19830101"", ""to"": ""19831231""}]}}",,2525
18,小敏家TV版,vod_search,vod_search,vod_search,1,1,1,0,,"{""query"": {""and"": [{""field"": ""title"", ""value"": ""小敏家""}, {""field"": ""language"", ""value"": ""TV版""}]}}","{""query"": {""and"": [{""field"": ""title"", ""value"": ""小敏家""}, {""field"": ""tag"", ""value"": ""TV版""}]}}",2160
19,老版上海滩,vod_search,vod_search,vod_search,1,1,1,1,,"{""query"": {""field"": ""title"", ""value"": ""上海滩""}}","{""query"": {""field"": ""title"", ""value"": ""上海滩""}}",1653
20,我要看小兵张嘎高清版,vod_slow_search_data_search,vod_slow_search_data_search,vod_slow_search_data_search,1,1,0,0,,,,2611
21,我想看戏曲铡美案,vod_search,vod_search,vod_search,1,1,1,0,,"{""query"": {""field"": ""title"", ""value"": ""铡美案""}}","{""query"": {""and"": [{""field"": ""title"", ""value"": ""铡美案""}, {""field"": ""tag"", ""value"": ""戏曲""}]}}",1784
22,请播放秦腔三滴血,vod_search,vod_search,vod_search,1,1,1,0,,"{""query"": {""and"": [{""field"": ""action"", ""value"": ""play""}, {""field"": ""title"", ""value"": ""秦腔三滴血""}]}}","{""query"": {""field"": ""title"", ""values"": [""三滴血"", ""秦腔""], ""operator"": ""and""}}",1784
23,专题片将改革进行到底,vod_search,vod_search,vod_search,1,1,1,0,,"{""query"": {""and"": [{""field"": ""title"", ""value"": ""将改革进行到底""}, {""field"": ""tag"", ""value"": ""专题片""}]}}","{""query"": {""field"": ""title"", ""value"": ""将改革进行到底""}}",2393
24,BBC纪录片,vod_search,vod_search,vod_search,1,1,1,0,,"{""query"": {""and"": [{""field"": ""company"", ""value"": ""BBC""}, {""field"": ""tag"", ""value"": ""纪录片""}]}}","{""query"": {""and"": [{""field"": ""company"", ""value"": ""BBC""}, {""field"": ""category"", ""value"": ""纪录片""}]}}",2315
25,湖南卫视出品的综艺,vod_search,vod_slow_search_data_search,vod_slow_search_data_search,0,0,1,0,,"{""category"": ""综艺""}","{""query"": {""and"": [{""field"": ""channel"", ""value"": ""湖南卫视""}, {""field"": ""category"", ""value"": ""综艺""}]}}",2277
26,正午阳光出品的电视剧,vod_slow_search_data_search,vod_slow_search_data_search,vod_slow_search_data_search,1,1,1,0,,"{""category"": ""电视剧""}","{""query"": {""and"": [{""field"": ""company"", ""value"": ""正午阳光""}, {""field"": ""category"", ""value"": ""电视剧""}]}}",2224
27,cctv8近年来收视最高的剧,vod_slow_search_data_search,vod_slow_search_data_search,vod_slow_search_data_search,1,1,0,0,,"{""category"": ""电视剧"", ""play"": ""desc""}",,2626
28,我想看电视台同步在播的剧,vod_search,vod_slow_search_data_search,vod_slow_search_data_search,0,0,1,0,,"{""category"": ""电视剧""}","{""query"": {""and"": [{""field"": ""category"", ""value"": ""电视剧""}, {""field"": ""is_over"", ""value"": 0}]}}",2194
29,光线传媒2025年有哪些电影,vod_search,vod_slow_search_data_search,vod_slow_search_data_search,0,0,1,0,,"{""category"": ""电影"", ""date"": ""20250101 TO 20251231""}","{""query"": {""and"": [{""field"": ""company"", ""value"": ""光线传媒""}, {""field"": ""category"", ""value"": ""电影""}, {""field"": ""release_year"", ""from"": ""20250101"", ""to"": ""20251231""}]}}",3691
30,张艺谋导演的抗战片,vod_search,vod_search,vod_search,1,1,1,0,,"{""query"": {""and"": [{""field"": ""director"", ""value"": ""张艺谋""}, {""field"": ""tag"", ""value"": ""抗战""}]}}","{""query"": {""and"": [{""field"": ""director"", ""value"": ""张艺谋""}, {""field"": ""tag"", ""value"": ""抗战""}, {""field"": ""category"", ""value"": ""电影""}]}}",2123
31,查找斯皮尔伯格导演的电影,vod_search,vod_search,vod_search,1,1,1,1,,"{""query"": {""and"": [{""field"": ""director"", ""value"": ""斯皮尔伯格""}, {""field"": ""category"", ""value"": ""电影""}]}}","{""query"": {""and"": [{""field"": ""director"", ""value"": ""斯皮尔伯格""}, {""field"": ""category"", ""value"": ""电影""}]}}",2069
32,郑晓龙导演的古装剧,vod_search,vod_slow_search_data_search,vod_slow_search_data_search,0,0,1,0,,"{""director"": ""郑晓龙"", ""tag"": ""古装""}","{""query"": {""and"": [{""field"": ""director"", ""value"": ""郑晓龙""}, {""field"": ""tag"", ""value"": ""古装""}, {""field"": ""category"", ""value"": ""电视剧""}]}}",2172
33,陈晓卿导演的纪录片,vod_search,vod_slow_search_data_search,vod_slow_search_data_search,0,0,1,0,,"{""director"": ""陈晓卿"", ""tag"": ""纪录片""}","{""query"": {""and"": [{""or"": [{""field"": ""director"", ""value"": ""陈晓卿""}, {""field"": ""title"", ""value"": ""陈晓卿""}]}, {""field"": ""category"", ""value"": ""纪录片""}]}}",2169
34,TVB新剧,vod_search,vod_search,vod_search,1,1,1,0,,"{""query"": {""and"": [{""field"": ""company"", ""value"": ""TVB""}, {""field"": ""is_over"", ""value"": 0}]}}","{""query"": {""and"": [{""field"": ""company"", ""value"": ""tvb""}, {""field"": ""category"", ""value"": ""电视剧""}]}, ""sort"": {""new"": {""order"": ""desc""}}}",2307
35,我想看韩剧,vod_search,vod_search,vod_search,1,1,1,0,,"{""query"": {""field"": ""language"", ""value"": ""韩版""}}","{""query"": {""and"": [{""field"": ""area"", ""value"": ""韩国""}, {""field"": ""category"", ""value"": ""电视剧""}]}}",1741
36,美国大片,vod_search,vod_search,vod_search,1,1,1,0,,"{""query"": {""and"": [{""field"": ""area"", ""value"": ""美国""}, {""field"": ""tag"", ""value"": ""大片""}]}}","{""query"": {""and"": [{""field"": ""area"", ""value"": ""美国""}, {""field"": ""category"", ""value"": ""电影""}]}}",2560
37,播放好莱坞电影,vod_search,vod_search,vod_search,1,1,1,0,,"{""query"": {""and"": [{""field"": ""area"", ""value"": ""好莱坞""}, {""field"": ""category"", ""value"": ""电影""}]}}","{""query"": {""and"": [{""field"": ""category"", ""value"": ""电影""}, {""field"": ""company"", ""value"": ""好莱坞""}]}}",2549
38,港台电影,vod_search,vod_search,vod_search,1,1,1,1,,"{""query"": {""and"": [{""field"": ""category"", ""value"": ""电影""}, {""field"": ""area"", ""value"": ""港台""}]}}","{""query"": {""and"": [{""field"": ""area"", ""value"": ""港台""}, {""field"": ""category"", ""value"": ""电影""}]}}",2165
39,台湾偶像剧,vod_search,vod_search,vod_search,1,1,1,0,,"{""query"": {""and"": [{""field"": ""area"", ""value"": ""台湾""}, {""field"": ""category"", ""value"": ""电视剧""}]}}","{""query"": {""and"": [{""field"": ""area"", ""value"": ""台湾""}, {""field"": ""category"", ""value"": ""偶像剧""}]}}",2528
40,美国科幻电影,vod_search,vod_search,vod_search,1,1,1,1,,"{""query"": {""and"": [{""field"": ""area"", ""value"": ""美国""}, {""field"": ""tag"", ""value"": ""科幻""}, {""field"": ""category"", ""value"": ""电影""}]}}","{""query"": {""and"": [{""field"": ""area"", ""value"": ""美国""}, {""field"": ""category"", ""value"": ""电影""}, {""field"": ""tag"", ""value"": ""科幻""}]}}",2485
41,好看的内地恋爱综艺,vod_search,vod_search,vod_search,1,1,1,0,,"{""query"": {""and"": [{""field"": ""area"", ""value"": ""内地""}, {""field"": ""tag"", ""value"": ""恋爱""}, {""field"": ""category"", ""value"": ""综艺""}]}}","{""query"": {""and"": [{""field"": ""area"", ""value"": ""内地""}, {""field"": ""category"", ""value"": ""综艺""}, {""field"": ""tag"", ""value"": ""恋爱体验""}]}, ""sort"": {""hot"": {""order"": ""desc""}}}",2421
42,我要看免费的影片,vod_search,vod_search,vod_search,1,1,1,0,,"{""query"": {""field"": ""fee"", ""value"": 0}}","{""query"": {""and"": [{""field"": ""category"", ""value"": ""电影""}, {""field"": ""fee"", ""value"": 0}]}}",1543
43,免费又好看的电视剧,vod_search,vod_search,vod_search,1,1,1,0,,"{""query"": {""and"": [{""field"": ""category"", ""value"": ""电视剧""}, {""field"": ""fee"", ""value"": 0}]}}","{""query"": {""and"": [{""field"": ""category"", ""value"": ""电视剧""}, {""field"": ""fee"", ""value"": 0}]}, ""sort"": {""hot"": {""order"": ""desc""}}}",2222
44,播放不要VIP的鬼片儿,vod_search,vod_search,vod_search,1,1,1,0,,"{""query"": {""and"": [{""not"": {""field"": ""fee"", ""value"": 1}}, {""field"": ""tag"", ""value"": ""鬼片""}]}}","{""query"": {""and"": [{""field"": ""category"", ""value"": ""电影""}, {""field"": ""tag"", ""value"": ""恐怖""}, {""field"": ""fee"", ""value"": 0}]}}",2791
45,不用花钱就能看的连续剧,vod_search,vod_search,vod_search,1,1,1,1,,"{""query"": {""and"": [{""field"": ""category"", ""value"": ""电视剧""}, {""field"": ""fee"", ""value"": 0}]}}","{""query"": {""and"": [{""field"": ""category"", ""value"": ""电视剧""}, {""field"": ""fee"", ""value"": 0}]}}",2044
46,帮我放VIP能看的电影,vod_search,vod_search,vod_search,1,1,1,1,,"{""query"": {""and"": [{""field"": ""category"", ""value"": ""电影""}, {""field"": ""fee"", ""value"": 1}]}}","{""query"": {""and"": [{""field"": ""category"", ""value"": ""电影""}, {""field"": ""fee"", ""value"": 1}]}}",2115
47,VIP的视频,vod_search,vod_search,vod_search,1,1,1,0,,"{""query"": {""field"": ""fee"", ""value"": 1}}","{""query"": {""and"": [{""field"": ""category"", ""values"": [""电影"", ""电视剧""], ""operator"": ""or""}, {""field"": ""fee"", ""value"": 1}]}}",1974
48,付费才能看的电视剧,vod_slow_search_data_search,vod_search,vod_search,0,0,1,1,,"{""query"": {""and"": [{""field"": ""category"", ""value"": ""电视剧""}, {""field"": ""fee"", ""value"": 1}]}}","{""query"": {""and"": [{""field"": ""category"", ""value"": ""电视剧""}, {""field"": ""fee"", ""value"": 1}]}}",2181
49,会员电影,vod_search,vod_search,vod_search,1,1,1,1,,"{""query"": {""and"": [{""field"": ""category"", ""value"": ""电影""}, {""field"": ""fee"", ""value"": 1}]}}","{""query"": {""and"": [{""field"": ""category"", ""value"": ""电影""}, {""field"": ""fee"", ""value"": 1}]}}",2165
50,奥斯卡获奖的影片,vod_search,vod_slow_search_data_search,vod_slow_search_data_search,0,0,1,0,,,"{""query"": {""and"": [{""field"": ""prize"", ""value"": ""奥斯卡""}, {""field"": ""category"", ""value"": ""电影""}]}}",2237
51,获得香港电影金像奖的电影,vod_search,vod_slow_search_data_search,vod_slow_search_data_search,0,0,1,0,,"{""category"": ""电影""}","{""query"": {""and"": [{""field"": ""prize"", ""value"": ""香港电影金像奖""}, {""field"": ""category"", ""value"": ""电影""}]}}",2506
52,金鹰奖获的奖电视剧,vod_search,vod_slow_search_data_search,vod_slow_search_data_search,0,0,1,0,,"{""category"": ""电视剧""}","{""query"": {""and"": [{""field"": ""prize"", ""value"": ""金鹰奖""}, {""field"": ""category"", ""value"": ""电视剧""}]}}",2578
53,有许三多的那部电视剧,vod_search,vod_search,vod_search,1,1,1,1,,"{""query"": {""and"": [{""field"": ""role"", ""value"": ""许三多""}, {""field"": ""category"", ""value"": ""电视剧""}]}}","{""query"": {""and"": [{""field"": ""role"", ""value"": ""许三多""}, {""field"": ""category"", ""value"": ""电视剧""}]}}",2406
54,搜索詹姆斯·邦德的电影,vod_search,vod_search,vod_search,1,1,1,1,,"{""query"": {""and"": [{""field"": ""role"", ""value"": ""詹姆斯·邦德""}, {""field"": ""category"", ""value"": ""电影""}]}}","{""query"": {""and"": [{""field"": ""role"", ""value"": ""詹姆斯·邦德""}, {""field"": ""category"", ""value"": ""电影""}]}}",2377
55,播放吴石将军的电视剧,vod_search,vod_search,vod_search,1,1,1,0,,"{""query"": {""and"": [{""field"": ""action"", ""value"": ""play""}, {""field"": ""role"", ""value"": ""吴石将军""}]}}","{""query"": {""and"": [{""field"": ""role"", ""value"": ""吴石""}, {""field"": ""category"", ""value"": ""电视剧""}]}}",1706
56,我想看电影,vod_search,vod_search,vod_search,1,1,1,1,,"{""query"": {""field"": ""category"", ""value"": ""电影""}}","{""query"": {""field"": ""category"", ""value"": ""电影""}}",1930
57,打开要会员的电视剧,vod_slow_search_data_search,vod_search,vod_search,0,0,0,0,,"{""query"": {""and"": [{""field"": ""category"", ""value"": ""电视剧""}, {""field"": ""fee"", ""value"": 1}]}}",,2337
58,综艺节目,vod_search,vod_search,vod_search,1,1,1,1,,"{""query"": {""field"": ""category"", ""value"": ""综艺""}}","{""query"": {""field"": ""category"", ""value"": ""综艺""}}",1893
59,看免费恐怖悬疑电影,vod_search,vod_search,vod_search,1,1,1,0,,"{""query"": {""and"": [{""field"": ""category"", ""value"": ""电影""}, {""field"": ""fee"", ""value"": 0}, {""field"": ""tag"", ""values"": [""恐怖"", ""悬疑""]}]}}","{""query"": {""and"": [{""field"": ""category"", ""value"": ""电影""}, {""or"": [{""field"": ""title"", ""value"": ""恐怖""}, {""field"": ""tag"", ""value"": ""恐怖""}]}, {""field"": ""tag"", ""value"": ""悬疑""}, {""field"": ""fee"", ""value"": 0}]}}",2708
60,最新抗日电影,vod_search,vod_search,vod_search,1,1,1,1,,"{""query"": {""and"": [{""field"": ""category"", ""value"": ""电影""}, {""field"": ""tag"", ""value"": ""抗日""}]}, ""sort"": {""new"": {""order"": ""desc""}}}","{""query"": {""and"": [{""field"": ""category"", ""value"": ""电影""}, {""field"": ""tag"", ""value"": ""抗日""}]}, ""sort"": {""new"": {""order"": ""desc""}}}",2535
61,播放言情剧,vod_search,vod_search,vod_search,1,1,1,0,,"{""query"": {""field"": ""tag"", ""value"": ""言情""}}","{""query"": {""and"": [{""field"": ""category"", ""value"": ""电视剧""}, {""field"": ""tag"", ""value"": ""言情""}]}}",1950
62,播放仙侠电视剧,vod_search,vod_search,vod_search,1,1,1,1,,"{""query"": {""and"": [{""field"": ""category"", ""value"": ""电视剧""}, {""field"": ""tag"", ""value"": ""仙侠""}]}}","{""query"": {""and"": [{""field"": ""category"", ""value"": ""电视剧""}, {""field"": ""tag"", ""value"": ""仙侠""}]}}",2421
63,我想看相声喜剧,vod_search,vod_slow_search_data_search,vod_slow_search_data_search,0,0,1,0,,"{""category"": ""综艺""}","{""query"": {""field"": ""category"", ""value"": ""相声喜剧""}}",2464
64,播安徽小调,vod_search,vod_search,vod_search,1,1,1,0,,"{""query"": {""and"": [{""field"": ""action"", ""value"": ""play""}, {""field"": ""title"", ""value"": ""安徽小调""}]}}","{""query"": {""field"": ""title"", ""value"": ""安徽民间小调""}}",1744
65,我要看免费的打仗的电视剧,vod_search,vod_search,vod_search,1,1,1,0,,"{""query"": {""and"": [{""field"": ""category"", ""value"": ""电视剧""}, {""field"": ""tag"", ""value"": ""打仗""}, {""field"": ""fee"", ""value"": 0}]}}","{""query"": {""and"": [{""field"": ""category"", ""value"": ""电视剧""}, {""field"": ""tag"", ""value"": ""战争""}, {""field"": ""fee"", ""value"": 0}]}}",2434
66,香港破案片,vod_search,vod_search,vod_search,1,1,1,0,,"{""query"": {""and"": [{""field"": ""area"", ""value"": ""香港""}, {""field"": ""tag"", ""value"": ""破案""}]}}","{""query"": {""and"": [{""field"": ""area"", ""value"": ""香港""}, {""field"": ""category"", ""value"": ""电影""}, {""field"": ""tag"", ""value"": ""破案""}]}}",2513
67,最近的免费缉毒电视剧,vod_search,vod_search,vod_search,1,1,1,1,,"{""query"": {""and"": [{""field"": ""category"", ""value"": ""电视剧""}, {""field"": ""tag"", ""value"": ""缉毒""}, {""field"": ""fee"", ""value"": 0}]}, ""sort"": {""new"": {""order"": ""desc""}}}","{""query"": {""and"": [{""field"": ""category"", ""value"": ""电视剧""}, {""field"": ""tag"", ""value"": ""缉毒""}, {""field"": ""fee"", ""value"": 0}]}, ""sort"": {""new"": {""order"": ""desc""}}}",2597
68,播放高评分电视剧,vod_search,vod_search,vod_search,1,1,1,0,,"{""query"": {""and"": [{""field"": ""category"", ""value"": ""电视剧""}, {""field"": ""rate"", ""from"": 8, ""to"": ""*""}]}, ""sort"": {""rate"": {""order"": ""desc""}}}","{""query"": {""field"": ""category"", ""value"": ""电视剧""}, ""sort"": {""rate"": {""order"": ""desc""}}}",2439
69,豆瓣7分以上的电视剧,vod_search,vod_search,vod_search,1,1,0,0,,"{""query"": {""and"": [{""field"": ""category"", ""value"": ""电视剧""}, {""field"": ""rate"", ""from"": 7, ""to"": ""*""}]}}",,2680
70,看免费高分综艺,vod_search,vod_search,vod_search,1,1,1,0,,"{""query"": {""and"": [{""field"": ""category"", ""value"": ""综艺""}, {""field"": ""fee"", ""value"": 0}, {""field"": ""rate"", ""from"": 8, ""to"": ""*""}]}}","{""query"": {""and"": [{""field"": ""category"", ""value"": ""综艺""}, {""field"": ""fee"", ""value"": 0}]}, ""sort"": {""rate"": {""order"": ""desc""}}}",2323
71,豆瓣高于8分的电影,vod_search,vod_search,vod_search,1,1,1,0,,"{""query"": {""and"": [{""field"": ""category"", ""value"": ""电影""}, {""field"": ""rate"", ""from"": 8, ""to"": ""*""}]}}","{""query"": {""and"": [{""field"": ""category"", ""value"": ""电视剧""}, {""field"": ""rate"", ""from"": 8.0}]}}",1989
72,最新的豆瓣评分高的电视剧,vod_search,vod_search,vod_search,1,1,1,0,,"{""query"": {""and"": [{""field"": ""category"", ""value"": ""电视剧""}, {""field"": ""rate"", ""from"": 8, ""to"": ""*""}]}, ""sort"": {""new"": {""order"": ""desc""}}}","{""query"": {""field"": ""category"", ""value"": ""电视剧""}, ""sort"": {""new"": {""order"": ""desc""}, ""rate"": {""order"": ""desc""}}}",2445
73,刘德华豆瓣评分高的电影,vod_search,vod_search,vod_search,1,1,1,0,,"{""query"": {""and"": [{""field"": ""actor"", ""value"": ""刘德华""}, {""field"": ""category"", ""value"": ""电影""}, {""field"": ""rate"", ""from"": 8, ""to"": ""*""}]}}","{""query"": {""field"": ""category"", ""value"": ""电视剧""}, ""sort"": {""new"": {""order"": ""desc""}, ""rate"": {""order"": ""desc""}}}",2943
74,评分在8.5到9分之间的影片,vod_search,vod_search,vod_search,1,1,1,0,,"{""query"": {""field"": ""rate"", ""from"": 8.5, ""to"": 9}}","{""query"": {""and"": [{""field"": ""category"", ""value"": ""电影""}, {""field"": ""rate"", ""from"": 8.5, ""to"": 9.0}]}}",2954
75,打开腾讯视频播放白日提灯 （搜索newtv极光的白日提灯）,vod_search,vod_search,vod_search,1,1,1,0,,"{""query"": {""and"": [{""field"": ""action"", ""value"": ""play""}, {""and"": [{""field"": ""title"", ""value"": ""白日提灯""}, {""field"": ""vender_name"", ""value"": ""腾讯视频""}]}]}}","{""query"": {""and"": [{""field"": ""vender_name"", ""value"": ""newtv极光""}, {""field"": ""title"", ""value"": ""白日提灯""}]}}",2263
76,在爱奇艺里面播放人世间 （播放爱奇艺的人世间）,vod_search,vod_search,vod_search,1,1,1,0,,"{""query"": {""and"": [{""field"": ""action"", ""value"": ""play""}, {""and"": [{""field"": ""title"", ""value"": ""人世间""}, {""field"": ""vender_name"", ""value"": ""爱奇艺""}]}]}}","{""query"": {""and"": [{""field"": ""vender_name"", ""value"": ""爱奇艺""}, {""field"": ""title"", ""value"": ""人世间""}]}}",2236
77,芒果TV新上的综艺,vod_search,vod_search,vod_search,1,1,1,1,,"{""query"": {""and"": [{""field"": ""vender_name"", ""value"": ""芒果TV""}, {""field"": ""category"", ""value"": ""综艺""}]}, ""sort"": {""new"": {""order"": ""desc""}}}","{""query"": {""and"": [{""field"": ""vender_name"", ""value"": ""芒果TV""}, {""field"": ""category"", ""value"": ""综艺""}]}, ""sort"": {""new"": {""order"": ""desc""}}}",2590
78,评书岳飞传刘兰芳,vod_slow_search_data_search,vod_slow_search_data_search,vod_slow_search_data_search,1,1,0,0,,"{""entertainer"": ""刘兰芳""}",,2729
79,单田芳评书,vod_search,vod_slow_search_data_search,vod_slow_search_data_search,0,0,1,0,,"{""entertainer"": ""单田芳"", ""category"": ""评书""}","{""query"": {""field"": ""title"", ""value"": ""单田芳评书""}}",2543
80,快板表演视频,vod_slow_search_data_search,vod_slow_search_data_search,vod_slow_search_data_search,1,1,0,0,,"{""tag"": ""快板""}",,1625
81,张志宽的快板《立井架》,vod_slow_search_data_search,vod_slow_search_data_search,vod_slow_search_data_search,1,1,0,0,,"{""entertainer"": ""张志宽""}",,2471
82,搜索浙江卫视的王牌对王牌,vod_search,vod_search,vod_search,1,1,1,1,,"{""query"": {""and"": [{""field"": ""title"", ""value"": ""王牌对王牌""}, {""field"": ""channel"", ""value"": ""浙江卫视""}]}}","{""query"": {""and"": [{""field"": ""channel"", ""value"": ""浙江卫视""}, {""field"": ""title"", ""value"": ""王牌对王牌""}]}}",2216
83,收看湖南卫视的乘风破浪的姐姐,vod_search,vod_slow_search_data_search,vod_slow_search_data_search,0,0,1,0,,,"{""query"": {""and"": [{""field"": ""channel"", ""value"": ""湖南卫视""}, {""field"": ""title"", ""value"": ""乘风破浪的姐姐""}]}}",2236
84,放中央一台连续剧,vod_search,vod_slow_search_data_search,vod_slow_search_data_search,0,0,1,0,,"{""category"": ""连续剧""}","{""query"": {""and"": [{""field"": ""channel"", ""value"": ""中央一台""}, {""field"": ""category"", ""value"": ""电视剧""}]}}",2172
85,播放山东卫视的电视剧,vod_search,vod_slow_search_data_search,vod_slow_search_data_search,0,0,1,0,,"{""category"": ""电视剧""}","{""query"": {""and"": [{""field"": ""channel"", ""value"": ""山东卫视""}, {""field"": ""category"", ""value"": ""电视剧""}]}}",2164
86,4K的外国电影,vod_search,vod_search,vod_search,1,1,1,0,,"{""query"": {""and"": [{""field"": ""definition"", ""value"": ""is_4k""}, {""field"": ""category"", ""value"": ""电影""}, {""field"": ""language"", ""value"": ""外国""}]}}","{""query"": {""and"": [{""field"": ""definition"", ""value"": ""is_4k""}, {""field"": ""area"", ""value"": ""外国""}, {""field"": ""category"", ""value"": ""电影""}]}}",2873
87,超高清电视节目,vod_slow_search_data_search,vod_slow_search_data_search,vod_slow_search_data_search,1,1,0,0,,"{""category"": ""电视""}",,2152
88,杜比全景声的电影,vod_search,vod_slow_search_data_search,vod_slow_search_data_search,0,0,1,0,,"{""category"": ""电影""}","{""query"": {""and"": [{""field"": ""sound"", ""value"": ""杜比全景声""}, {""field"": ""category"", ""value"": ""电影""}]}}",2145
89,打开3d视频,vod_search,vod_search,vod_search,1,1,1,1,,"{""query"": {""field"": ""definition"", ""value"": ""is_3d""}}","{""query"": {""field"": ""definition"", ""value"": ""is_3d""}}",1850
90,全景拍摄的电影,vod_slow_search_data_search,vod_slow_search_data_search,vod_slow_search_data_search,1,1,0,0,,"{""category"": ""电影""}",,2442
91,3d版 电影,vod_search,vod_slow_search_data_search,vod_slow_search_data_search,0,0,1,0,,"{""category"": ""电影""}","{""query"": {""and"": [{""field"": ""definition"", ""value"": ""is_3d""}, {""field"": ""category"", ""value"": ""电影""}]}}",2549
92,推荐一些适合心情低落时观看的电影吧,vod_slow_search_data_search,vod_slow_search_data_search,vod_slow_search_data_search,1,1,0,0,,"{""tag"": ""治愈""}",,1960
93,找几部能缓解工作压力的电影吧,vod_slow_search_data_search,vod_slow_search_data_search,vod_slow_search_data_search,1,1,0,0,,"{""category"": ""电影"", ""tag"": ""缓解工作压力""}",,2541
94,郭德纲儿子最近上的一部剧,vod_search,vod_search,vod_search,1,1,1,0,,"{""query"": {""and"": [{""field"": ""entertainer"", ""value"": ""郭德纲儿子""}, {""field"": ""category"", ""value"": ""电视剧""}, {""field"": ""release_year"", ""from"": ""20230101"", ""to"": ""*""}]}, ""sort"": {""new"": {""order"": ""desc""}}}","{""query"": {""and"": [{""field"": ""actor"", ""value"": ""郭麒麟""}, {""field"": ""category"", ""value"": ""电视剧""}]}, ""sort"": {""new"": {""order"": ""desc""}}}",3628
95,我想看孙俪老公的电影,vod_search,vod_search,vod_search,1,1,1,1,,"{""query"": {""and"": [{""field"": ""category"", ""value"": ""电影""}, {""field"": ""actor"", ""value"": ""邓超""}]}}","{""query"": {""and"": [{""field"": ""actor"", ""value"": ""邓超""}, {""field"": ""category"", ""value"": ""电影""}]}}",2284
96,八十年代的武侠片,vod_search,vod_search,vod_search,1,1,1,0,,"{""query"": {""and"": [{""field"": ""category"", ""value"": ""电影""}, {""field"": ""tag"", ""value"": ""武侠""}, {""field"": ""release_year"", ""from"": ""19800101"", ""to"": ""19891231""}]}}","{""query"": {""and"": [{""field"": ""release_year"", ""from"": ""19800101"", ""to"": ""19891231""}, {""or"": [{""field"": ""title"", ""value"": ""武侠""}, {""field"": ""tag"", ""value"": ""武侠""}]}, {""field"": ""category"", ""value"": ""电影""}]}}",2610
97,我要看今年的综艺,vod_search,vod_search,vod_search,1,1,0,0,,"{""query"": {""and"": [{""field"": ""category"", ""value"": ""综艺""}, {""field"": ""release_year"", ""from"": ""20240101"", ""to"": ""20241231""}]}}",,2300
98,播放2018年爱情保卫战,vod_search,vod_search,vod_search,1,1,0,0,,"{""query"": {""and"": [{""field"": ""action"", ""value"": ""play""}, {""and"": [{""field"": ""title"", ""value"": ""爱情保卫战""}, {""field"": ""release_year"", ""from"": ""20180101"", ""to"": ""20181231""}]}, {""field"": ""series"", ""value"": 1}, {""field"": ""videoIndex"", ""value"": 1}]}}",,2626
99,23年纪录片无辣不欢,vod_search,vod_search,vod_search,1,1,0,0,,"{""query"": {""and"": [{""field"": ""title"", ""value"": ""无辣不欢""}, {""field"": ""category"", ""value"": ""纪录片""}, {""field"": ""release_year"", ""from"": ""20230101"", ""to"": ""20231231""}]}}",,3191
100,前年的电影,vod_search,vod_search,vod_search,1,1,0,0,,"{""query"": {""and"": [{""field"": ""category"", ""value"": ""电影""}, {""field"": ""release_year"", ""from"": ""20220101"", ""to"": ""20221231""}]}}",,2249
101,我想看北美2006年上映电影,vod_search,vod_search,vod_search,1,1,1,1,,"{""query"": {""and"": [{""field"": ""area"", ""value"": ""北美""}, {""field"": ""category"", ""value"": ""电影""}, {""field"": ""release_year"", ""from"": ""20060101"", ""to"": ""20061231""}]}}","{""query"": {""and"": [{""field"": ""area"", ""value"": ""北美""}, {""field"": ""release_year"", ""from"": ""20060101"", ""to"": ""20061231""}, {""field"": ""category"", ""value"": ""电影""}]}}",2533
102,本年度悬疑大片,vod_search,vod_search,vod_search,1,1,0,0,,"{""query"": {""and"": [{""field"": ""tag"", ""value"": ""悬疑""}, {""field"": ""tag"", ""value"": ""大片""}]}, ""sort"": {""new"": {""order"": ""desc""}}}",,2117
103,方中信90年代的电影,vod_search,vod_search,vod_search,1,1,1,1,,"{""query"": {""and"": [{""field"": ""actor"", ""value"": ""方中信""}, {""field"": ""category"", ""value"": ""电影""}, {""field"": ""release_year"", ""from"": ""19900101"", ""to"": ""19991231""}]}}","{""query"": {""and"": [{""field"": ""actor"", ""value"": ""方中信""}, {""field"": ""release_year"", ""from"": ""19900101"", ""to"": ""19991231""}, {""field"": ""category"", ""value"": ""电影""}]}}",3298
104,找一些长辈爱看的影视剧,vod_slow_search_data_search,vod_slow_search_data_search,vod_slow_search_data_search,1,1,0,0,,,,1946
105,适合全家人一起看的电视剧,vod_slow_search_data_search,vod_slow_search_data_search,vod_slow_search_data_search,1,1,0,0,,"{""category"": ""电视剧""}",,2233
106,适合女生看的电影,vod_slow_search_data_search,vod_slow_search_data_search,vod_slow_search_data_search,1,1,0,0,,"{""category"": ""电影""}",,2160
107,适合孕期看的开心电影或电视剧,vod_slow_search_data_search,vod_slow_search_data_search,vod_slow_search_data_search,1,1,0,0,,"{""category"": ""电影""}",,2387
108,有没有适合单身看的电影,vod_slow_search_data_search,vod_slow_search_data_search,vod_slow_search_data_search,1,1,0,0,,"{""category"": ""电影"", ""tag"": ""单身""}",,2345
109,推荐点好看的,vod_slow_search_data_search,vod_personalized_recommend,vod_personalized_recommend,0,0,0,0,,,,912
110,最近流行看什么,vod_search,vod_search,vod_search,1,1,0,0,,"{""query"": {""and"": [{""field"": ""tag"", ""value"": ""流行""}]}, ""sort"": {""hot"": {""order"": ""desc""}}}",,2049
111,春晚歌舞节目,vod_search,vod_slow_search_data_search,vod_slow_search_data_search,0,0,0,0,,"{""tag"": ""歌舞""}",,2216
112,2025抖音美好奇妙夜,vod_search,vod_slow_search_data_search,vod_slow_search_data_search,0,0,0,0,,,,2108
113,播放BILIBILI跨年演唱会,vod_slow_search_data_search,vod_slow_search_data_search,vod_slow_search_data_search,1,1,0,0,,,,2167
114,我想看蛇年春晚,vod_slow_search_data_search,vod_slow_search_data_search,vod_slow_search_data_search,1,1,0,0,,,,2333
115,中央广播电视总台2025年春节联欢晚会,vod_slow_search_data_search,vod_slow_search_data_search,vod_slow_search_data_search,1,1,0,0,,,,2374
116,90年代的香港免费武侠电视剧,vod_search,vod_search,vod_search,1,1,1,0,,"{""query"": {""and"": [{""field"": ""area"", ""value"": ""香港""}, {""field"": ""category"", ""value"": ""电视剧""}, {""field"": ""tag"", ""value"": ""武侠""}, {""field"": ""fee"", ""value"": 0}, {""field"": ""release_year"", ""from"": ""19900101"", ""to"": ""19991231""}]}}","{""query"": {""and"": [{""field"": ""release_year"", ""from"": ""19900101"", ""to"": ""19991231""}, {""field"": ""area"", ""value"": ""香港""}, {""field"": ""fee"", ""value"": 0}, {""or"": [{""field"": ""title"", ""value"": ""武侠""}, {""field"": ""tag"", ""value"": ""武侠""}]}, {""field"": ""category"", ""value"": ""电视剧""}]}}",4161
117,高分的欧美爱情电影,vod_search,vod_search,vod_search,1,1,1,0,,"{""query"": {""and"": [{""field"": ""category"", ""value"": ""电影""}, {""field"": ""area"", ""value"": ""欧美""}, {""field"": ""tag"", ""value"": ""爱情""}, {""field"": ""rate"", ""from"": 8, ""to"": ""*""}]}}","{""query"": {""and"": [{""field"": ""area"", ""value"": ""欧美""}, {""field"": ""tag"", ""value"": ""爱情""}, {""field"": ""category"", ""value"": ""电影""}]}, ""sort"": {""rate"": {""order"": ""desc""}}}",2756
118,赵文卓参演的香港武侠片,vod_search,vod_search,vod_search,1,1,1,0,,"{""query"": {""and"": [{""field"": ""actor"", ""value"": ""赵文卓""}, {""field"": ""area"", ""value"": ""香港""}, {""field"": ""tag"", ""value"": ""武侠""}]}}","{""query"": {""and"": [{""field"": ""actor"", ""value"": ""赵文卓""}, {""field"": ""area"", ""value"": ""香港""}, {""or"": [{""field"": ""title"", ""value"": ""武侠""}, {""field"": ""tag"", ""value"": ""武侠""}]}, {""field"": ""category"", ""value"": ""电影""}]}}",2879
119,去年大陆的纪录片,vod_search,vod_search,vod_search,1,1,1,0,,"{""query"": {""and"": [{""field"": ""category"", ""value"": ""纪录片""}, {""field"": ""area"", ""value"": ""大陆""}]}}","{""query"": {""and"": [{""field"": ""release_year"", ""from"": ""20250101"", ""to"": ""20251231""}, {""field"": ""area"", ""value"": ""大陆""}, {""field"": ""category"", ""value"": ""纪录片""}]}}",2015
120,大型人文纪录片汉字五千年,vod_search,vod_search,vod_search,1,1,1,0,,"{""query"": {""and"": [{""field"": ""title"", ""value"": ""汉字五千年""}, {""field"": ""tag"", ""value"": ""纪录片""}]}}","{""query"": {""and"": [{""field"": ""title"", ""value"": ""汉字五千年""}, {""field"": ""tag"", ""value"": ""人文""}, {""field"": ""category"", ""value"": ""纪录片""}]}}",1798
121,今年播出的内地美食相关的纪录片,vod_search,vod_search,vod_search,1,1,1,0,,"{""query"": {""and"": [{""field"": ""category"", ""value"": ""纪录片""}, {""field"": ""area"", ""value"": ""内地""}, {""field"": ""tag"", ""value"": ""美食""}, {""field"": ""release_year"", ""from"": ""20240101"", ""to"": ""20241231""}]}}","{""query"": {""and"": [{""field"": ""release_year"", ""from"": ""20260101"", ""to"": ""20260710""}, {""field"": ""area"", ""value"": ""内地""}, {""field"": ""tag"", ""value"": ""美食""}, {""field"": ""category"", ""value"": ""纪录片""}]}}",2646
122,汤姆克鲁斯主演的美国科幻片,vod_search,vod_search,vod_search,1,1,1,0,,"{""query"": {""and"": [{""field"": ""actor"", ""value"": ""汤姆克鲁斯""}, {""field"": ""area"", ""value"": ""美国""}, {""field"": ""tag"", ""value"": ""科幻""}]}}","{""query"": {""and"": [{""field"": ""actor"", ""value"": ""汤姆克鲁斯""}, {""field"": ""area"", ""value"": ""美国""}, {""field"": ""tag"", ""value"": ""科幻""}, {""field"": ""category"", ""value"": ""电影""}]}}",2509
123,马里奥毛瑞尔主演的泰国爱情喜剧电影,vod_search,vod_search,vod_search,1,1,1,0,,"{""query"": {""and"": [{""field"": ""actor"", ""value"": ""马里奥毛瑞尔""}, {""field"": ""area"", ""value"": ""泰国""}, {""field"": ""category"", ""value"": ""电影""}, {""field"": ""tag"", ""values"": [""爱情"", ""喜剧""]}]}}","{""query"": {""and"": [{""field"": ""actor"", ""value"": ""马里奥毛瑞尔""}, {""field"": ""area"", ""value"": ""泰国""}, {""field"": ""tag"", ""values"": [""爱情"", ""喜剧""], ""operator"": ""and""}, {""field"": ""category"", ""value"": ""电影""}]}}",3135
124,搜索2021年播出的韩国校园青春剧,vod_search,vod_search,vod_search,1,1,1,0,,"{""query"": {""and"": [{""field"": ""release_year"", ""from"": ""20210101"", ""to"": ""20211231""}, {""field"": ""area"", ""value"": ""韩国""}, {""field"": ""tag"", ""value"": ""校园""}, {""field"": ""tag"", ""value"": ""青春""}, {""field"": ""category"", ""value"": ""电视剧""}]}}","{""query"": {""and"": [{""field"": ""release_year"", ""from"": ""20210101"", ""to"": ""20211231""}, {""field"": ""area"", ""value"": ""韩国""}, {""field"": ""tag"", ""values"": [""校园"", ""青春""], ""operator"": ""and""}, {""field"": ""category"", ""value"": ""电视剧""}]}}",3146
125,阿里巴巴影业出品的爱国题材电影,vod_slow_search_data_search,vod_slow_search_data_search,vod_slow_search_data_search,1,1,0,0,,"{""tag"": ""爱国"", ""category"": ""电影""}",,2348
126,2016年章子怡拍的好莱坞电影,vod_search,vod_search,vod_search,1,1,1,0,,"{""query"": {""and"": [{""field"": ""actor"", ""value"": ""章子怡""}, {""field"": ""category"", ""value"": ""电影""}, {""field"": ""release_year"", ""from"": ""20160101"", ""to"": ""20161231""}, {""field"": ""area"", ""value"": ""好莱坞""}]}}","{""query"": {""and"": [{""field"": ""release_year"", ""from"": ""20160101"", ""to"": ""20161231""}, {""field"": ""actor"", ""value"": ""章子怡""}, {""field"": ""company"", ""value"": ""好莱坞""}, {""field"": ""category"", ""value"": ""电影""}]}}",3290
127,播放王牌对王牌第八季最新一期的第三十分钟,vod_search,vod_search,vod_search,1,1,0,0,,"{""query"": {""and"": [{""field"": ""action"", ""value"": ""play""}, {""field"": ""title"", ""value"": ""王牌对王牌""}, {""field"": ""series"", ""value"": 8}, {""field"": ""videoIndex"", ""value"": 1}]}}",,1801
128,小s和蔡康永一起主持的台湾综艺,vod_slow_search_data_search,vod_search,vod_search,0,0,0,0,,"{""query"": {""and"": [{""field"": ""hostess"", ""values"": [""小s"", ""蔡康永""], ""operator"": ""and""}, {""field"": ""area"", ""value"": ""台湾""}, {""field"": ""category"", ""value"": ""综艺""}]}}",,2820
129,最新的热播剧,vod_search,vod_search,vod_search,1,1,0,0,,"{""query"": {""and"": [{""field"": ""category"", ""value"": ""电视剧""}, {""field"": ""is_over"", ""value"": 0}]}, ""sort"": {""new"": {""order"": ""desc""}}}",,2110
130,最近比较火的喜剧综艺,vod_search,vod_search,vod_search,1,1,0,0,,"{""query"": {""and"": [{""field"": ""category"", ""value"": ""综艺""}, {""field"": ""comedy_brand"", ""value"": ""喜剧""}]}, ""sort"": {""hot"": {""order"": ""desc""}}}",,2199
131,新出的电影,vod_search,vod_search,vod_search,1,1,0,0,,"{""query"": {""and"": [{""field"": ""category"", ""value"": ""电影""}, {""field"": ""release_year"", ""from"": ""20240101"", ""to"": ""*""}]}, ""sort"": {""new"": {""order"": ""desc""}}}",,2637
132,搜索白鹿的新剧,vod_search,vod_search,vod_search,1,1,0,0,,"{""query"": {""and"": [{""field"": ""actor"", ""value"": ""白鹿""}, {""field"": ""category"", ""value"": ""电视剧""}]}}",,2233
133,宋佳的电影,vod_search,vod_search,vod_search,1,1,0,0,,"{""query"": {""and"": [{""field"": ""actor"", ""value"": ""宋佳""}, {""field"": ""category"", ""value"": ""电影""}]}}",,2231
134,王珮瑜参加过的综艺,vod_search,vod_slow_search_data_search,vod_slow_search_data_search,0,0,0,0,,"{""entertainer"": ""王珮瑜"", ""category"": ""综艺""}",,2400
135,请播放有张子健主演的电视连续剧,vod_search,vod_search,vod_search,1,1,0,0,,"{""query"": {""and"": [{""field"": ""actor"", ""value"": ""张子健""}, {""field"": ""category"", ""value"": ""电视剧""}]}}",,2266
136,帮我搜索赵露思演过的综艺,vod_search,vod_search,vod_search,1,1,0,0,,"{""query"": {""and"": [{""field"": ""entertainer"", ""value"": ""赵露思""}, {""field"": ""category"", ""value"": ""综艺""}]}}",,2509
137,请播放孙红雷的潜伏,vod_search,vod_search,vod_search,1,1,0,0,,"{""query"": {""and"": [{""field"": ""action"", ""value"": ""play""}, {""and"": [{""field"": ""title"", ""value"": ""潜伏""}, {""field"": ""actor"", ""value"": ""孙红雷""}]}]}}",,2194
138,帮我找贾冰主演的奇遇,vod_search,vod_search,vod_search,1,1,0,0,,"{""query"": {""and"": [{""field"": ""actor"", ""value"": ""贾冰""}, {""field"": ""title"", ""value"": ""奇遇""}]}}",,1970
139,周星驰的功夫,vod_search,vod_search,vod_search,1,1,0,0,,"{""query"": {""and"": [{""field"": ""actor"", ""value"": ""周星驰""}, {""field"": ""title"", ""value"": ""功夫""}]}}",,2154
140,易烊千玺参演的战争片,vod_search,vod_search,vod_search,1,1,0,0,,"{""query"": {""and"": [{""field"": ""actor"", ""value"": ""易烊千玺""}, {""field"": ""tag"", ""value"": ""战争""}]}}",,2406
141,播放林正英鬼片电影,vod_search,vod_search,vod_search,1,1,0,0,,"{""query"": {""and"": [{""field"": ""action"", ""value"": ""play""}, {""and"": [{""field"": ""actor"", ""value"": ""林正英""}, {""field"": ""category"", ""value"": ""电影""}, {""field"": ""tag"", ""value"": ""鬼片""}]}]}}",,2382
142,播放于震演的谍战电视剧,vod_search,vod_search,vod_search,1,1,0,0,,"{""query"": {""and"": [{""field"": ""actor"", ""value"": ""于震""}, {""field"": ""category"", ""value"": ""电视剧""}, {""field"": ""tag"", ""value"": ""谍战""}]}}",,2880
143,适合劳动节看的电影,vod_slow_search_data_search,vod_slow_search_data_search,vod_slow_search_data_search,1,1,0,0,,"{""category"": ""电影"", ""tag"": ""劳动节""}",,1953
144,适合建党节，学生看的电影,vod_slow_search_data_search,vod_slow_search_data_search,vod_slow_search_data_search,1,1,0,0,,"{""category"": ""电影"", ""tag"": ""建党节""}",,2500
145,八一建军节电影推荐,vod_slow_search_data_search,vod_slow_search_data_search,vod_slow_search_data_search,1,1,0,0,,"{""category"": ""电影"", ""tag"": ""八一建军节""}",,2110
146,适合跨年的看的喜剧片单,vod_slow_search_data_search,vod_slow_search_data_search,vod_slow_search_data_search,1,1,0,0,,"{""category"": ""电影"", ""tag"": ""喜剧""}",,2102
147,看电视剧山海情原声版,vod_search,vod_search,vod_search,1,1,0,0,,"{""query"": {""and"": [{""field"": ""title"", ""value"": ""山海情""}, {""field"": ""category"", ""value"": ""电视剧""}, {""field"": ""language"", ""value"": ""原声""}]}}",,2759
148,免费的粤语电视剧,vod_search,vod_search,vod_search,1,1,0,0,,"{""query"": {""and"": [{""field"": ""category"", ""value"": ""电视剧""}, {""field"": ""fee"", ""value"": 0}, {""field"": ""language"", ""value"": ""粤语""}]}}",,2282
149,美国队长三中文版,vod_search,vod_search,vod_search,1,1,0,0,,"{""query"": {""and"": [{""field"": ""title"", ""value"": ""美国队长三""}, {""field"": ""language"", ""value"": ""中文""}]}}",,2516
150,繁花沪语版,vod_search,vod_search,vod_search,1,1,1,0,,"{""query"": {""and"": [{""field"": ""title"", ""value"": ""繁花""}, {""field"": ""language"", ""value"": ""沪语""}]}}","{""query"": {""field"": ""title"", ""value"": ""繁花""}}",2233
151,搜索方言的情景喜剧,vod_search,vod_search,vod_search,1,1,1,0,,"{""query"": {""and"": [{""field"": ""category"", ""value"": ""电影""}, {""field"": ""tag"", ""value"": ""情景喜剧""}, {""field"": ""language"", ""value"": ""方言""}]}}","{""query"": {""and"": [{""field"": ""category"", ""value"": ""情景喜剧""}, {""field"": ""language"", ""value"": ""方言""}]}}",2859
152,继续播放我家那闺女第二季,vod_search,vod_history,vod_history,0,0,0,0,,,,783
153,重庆谍战接着放,vod_search,vod_history,vod_history,0,0,0,0,,,,778
154,沈腾和马丽的春晚小品,vod_search,vod_slow_search_data_search,vod_slow_search_data_search,0,0,0,0,,"{""entertainer"": ""沈腾 AND 马丽"", ""tag"": ""春晚""}",,2647
155,郭德纲和于谦的相声,vod_search,vod_slow_search_data_search,vod_slow_search_data_search,0,0,0,0,,"{""entertainer"": ""郭德纲 AND 于谦""}",,2407
156,小品小崔说事,vod_slow_search_data_search,vod_slow_search_data_search,vod_slow_search_data_search,1,1,0,0,,"{""category"": ""综艺""}",,2500
157,相声像我这样的人,vod_search,vod_slow_search_data_search,vod_slow_search_data_search,0,0,1,0,,"{""category"": ""综艺""}","{""query"": {""and"": [{""field"": ""title"", ""value"": ""像我这样的人""}, {""field"": ""category"", ""value"": ""相声""}]}}",2492
158,赵丽蓉的小品打工奇遇,vod_search,vod_slow_search_data_search,vod_slow_search_data_search,0,0,1,0,,"{""entertainer"": ""赵丽蓉""}","{""query"": {""and"": [{""field"": ""actor"", ""value"": ""赵丽蓉""}, {""field"": ""title"", ""value"": ""打工奇遇""}, {""field"": ""category"", ""value"": ""小品""}]}}",2615
159,评书隋唐演义,vod_slow_search_data_search,vod_slow_search_data_search,vod_slow_search_data_search,1,1,0,0,,,,1623
160,刘谦变魔术视频,vod_search,vod_search,vod_search,1,1,0,0,,"{""query"": {""and"": [{""field"": ""entertainer"", ""value"": ""刘谦""}, {""field"": ""tag"", ""value"": ""魔术""}]}}",,2590
161,漩涡视频,vod_search,vod_search,vod_search,1,1,1,1,,"{""query"": {""field"": ""title"", ""value"": ""漩涡""}}","{""query"": {""field"": ""title"", ""value"": ""漩涡""}}",1867
162,我想看电影长安的荔枝3分09秒的全屏,vod_search,vod_search,vod_search,1,1,1,0,,"{""query"": {""and"": [{""field"": ""action"", ""value"": ""play""}, {""field"": ""title"", ""value"": ""长安的荔枝""}, {""field"": ""series"", ""value"": 1}, {""field"": ""videoIndex"", ""value"": 1}, {""field"": ""voiceStartPos"", ""value"": 189}]}}","{""query"": {""and"": [{""field"": ""title"", ""value"": ""长安的荔枝""}, {""field"": ""category"", ""value"": ""电影""}]}}",2589
163,汪汪队大电影二环球大冒险,vod_search,vod_search,vod_search,1,1,0,0,,"{""query"": {""and"": [{""field"": ""title"", ""value"": ""汪汪队大电影二环球大冒险""}]}}",,2167
164,播放深情眼泰语版,vod_slow_search_data_search,vod_search,vod_search,0,0,0,0,,"{""query"": {""and"": [{""field"": ""action"", ""value"": ""play""}, {""field"": ""title"", ""value"": ""深情眼""}, {""field"": ""series"", ""value"": 1}, {""field"": ""videoIndex"", ""value"": 1}]}}",,2306
165,找还在更新中的电视剧,vod_search,vod_slow_search_data_search,vod_slow_search_data_search,0,0,1,0,,"{""category"": ""电视剧""}","{""query"": {""and"": [{""field"": ""category"", ""value"": ""电视剧""}, {""field"": ""is_over"", ""value"": 0}]}}",2346
166,已完结的电视剧,vod_search,vod_slow_search_data_search,vod_slow_search_data_search,0,0,1,0,,"{""category"": ""电视剧""}","{""query"": {""and"": [{""field"": ""category"", ""value"": ""电视剧""}, {""field"": ""is_over"", ""value"": 1}]}}",2277
167,看下即将上线的待播剧,vod_slow_search_data_search,vod_slow_search_data_search,vod_slow_search_data_search,1,1,0,0,,"{""category"": ""电视剧""}",,2276
168,冰雪奇缘音乐剧,vod_slow_search_data_search,vod_slow_search_data_search,vod_slow_search_data_search,1,1,0,0,,"{""tag"": ""音乐剧""}",,2290
169,歌剧小二黑结婚,vod_slow_search_data_search,vod_slow_search_data_search,vod_slow_search_data_search,1,1,0,0,,,,1955
170,播放茶馆话剧,vod_slow_search_data_search,vod_slow_search_data_search,vod_slow_search_data_search,1,1,0,0,,,,2359
171,免费音乐剧,vod_slow_search_data_search,vod_slow_search_data_search,vod_slow_search_data_search,1,1,0,0,,"{""category"": ""音乐剧"", ""is_fee"": ""0""}",,2227
172,阿云嘎演的音乐剧风声,vod_slow_search_data_search,vod_slow_search_data_search,vod_slow_search_data_search,1,1,0,0,,"{""actor"": ""阿云嘎""}",,2653
173,音乐剧悲惨世界,vod_slow_search_data_search,vod_slow_search_data_search,vod_slow_search_data_search,1,1,0,0,,"{""tag"": ""音乐剧""}",,2189
174,不想看成龙的动作电影,vod_search,vod_search,vod_search,1,1,0,0,,"{""query"": {""and"": [{""not"": {""field"": ""actor"", ""value"": ""成龙""}}, {""field"": ""tag"", ""value"": ""动作""}]}}",,2686
175,不想看恐怖片了,vod_search,vod_search,vod_search,1,1,0,0,,"{""query"": {""not"": {""field"": ""tag"", ""value"": ""恐怖""}}}",,1846
176,我想看电影，不要刘德华的，不要香港的，不要动作的,vod_slow_search_data_search,vod_search,vod_search,0,0,1,0,,"{""query"": {""and"": [{""field"": ""category"", ""value"": ""电影""}, {""not"": {""field"": ""actor"", ""value"": ""刘德华""}}, {""not"": {""field"": ""area"", ""value"": ""香港""}}, {""not"": {""field"": ""tag"", ""value"": ""动作""}}]}}","{""query"": {""and"": [{""field"": ""category"", ""value"": ""电影""}, {""not"": {""or"": [{""field"": ""actor"", ""value"": ""刘德华""}, {""field"": ""area"", ""value"": ""香港""}, {""field"": ""tag"", ""value"": ""动作""}]}}]}}",3551
177,帮我找神雕侠侣的电视剧，不要黄晓明版,vod_search,vod_search,vod_search,1,1,0,0,,"{""query"": {""and"": [{""field"": ""title"", ""value"": ""神雕侠侣""}, {""field"": ""category"", ""value"": ""电视剧""}, {""not"": {""field"": ""actor"", ""value"": ""黄晓明""}}]}}",,2860
178,别给我搜白鹿的古装剧了,vod_search,vod_search,vod_search,1,1,0,0,,"{""query"": {""not"": {""and"": [{""field"": ""actor"", ""value"": ""白鹿""}, {""field"": ""tag"", ""value"": ""古装""}]}}}",,2166
179,近期电视上热映的电影,vod_search,vod_search,vod_search,1,1,0,0,,"{""query"": {""and"": [{""field"": ""category"", ""value"": ""电影""}]}, ""sort"": {""hot"": {""order"": ""desc""}}}",,2038
180,目前最火的综艺,vod_search,vod_search,vod_search,1,1,0,0,,"{""query"": {""field"": ""category"", ""value"": ""综艺""}, ""sort"": {""hot"": {""order"": ""desc""}}}",,2192
181,最热的国外纪录片,vod_search,vod_search,vod_search,1,1,0,0,,"{""query"": {""and"": [{""field"": ""category"", ""value"": ""纪录片""}, {""field"": ""area"", ""value"": ""国外""}]}, ""sort"": {""hot"": {""order"": ""desc""}}}",,2548
182,请搜索正在热播的电视剧,vod_search,vod_search,vod_search,1,1,0,0,,"{""query"": {""and"": [{""field"": ""category"", ""value"": ""电视剧""}, {""field"": ""is_over"", ""value"": 0}]}}",,1828
183,海外评分最高的华语剧,vod_search,vod_search,vod_search,1,1,0,0,,"{""query"": {""and"": [{""field"": ""language"", ""value"": ""华语""}, {""field"": ""category"", ""value"": ""电视剧""}]}, ""sort"": {""rate"": {""order"": ""desc""}}}",,2377
184,新出的好看的电视纪录片,vod_search,vod_search,vod_search,1,1,0,0,,"{""query"": {""and"": [{""field"": ""category"", ""value"": ""纪录片""}, {""field"": ""tag"", ""value"": ""好看""}, {""field"": ""release_year"", ""from"": ""20240101"", ""to"": ""*""}]}, ""sort"": {""new"": {""order"": ""desc""}}}",,2988
185,2025最新出的恋爱综艺,vod_search,vod_search,vod_search,1,1,0,0,,"{""query"": {""and"": [{""field"": ""category"", ""value"": ""综艺""}, {""field"": ""tag"", ""value"": ""恋爱""}, {""field"": ""release_year"", ""from"": ""20250101"", ""to"": ""20251231""}]}, ""sort"": {""new"": {""order"": ""desc""}}}",,4117
186,本周新播出的国产剧推荐,vod_slow_search_data_search,vod_slow_search_data_search,vod_slow_search_data_search,1,1,0,0,,"{""category"": ""电视剧"", ""date"": ""desc""}",,2316
187,狙击手电影短片,vod_search,vod_search,vod_search,1,1,0,0,,"{""query"": {""and"": [{""field"": ""title"", ""value"": ""狙击手""}, {""field"": ""tag"", ""value"": ""短片""}]}}",,1925
188,灿烂的她电影解说,vod_search,vod_search,vod_search,1,1,0,0,,"{""query"": {""and"": [{""field"": ""title"", ""value"": ""灿烂的她""}, {""field"": ""tag"", ""value"": ""电影解说""}]}}",,1942
189,我们的当打之年花絮,vod_search,vod_search,vod_search,1,1,0,0,,"{""query"": {""and"": [{""field"": ""title"", ""value"": ""我们的当打之年""}, {""field"": ""tag"", ""value"": ""花絮""}]}}",,1958
190,风与潮的片花,vod_search,vod_search,vod_search,1,1,0,0,,"{""query"": {""and"": [{""field"": ""title"", ""value"": ""风与潮""}, {""field"": ""tag"", ""value"": ""片花""}]}}",,2305
191,音乐缘计划2发布会视频,vod_search,vod_search,vod_search,1,1,0,0,,"{""query"": {""field"": ""title"", ""value"": ""音乐缘计划 2 发布会视频""}}",,1625
192,我想看一笑随歌宣传片视频,vod_search,vod_search,vod_search,1,1,0,0,,"{""query"": {""and"": [{""field"": ""title"", ""value"": ""一笑随歌""}, {""field"": ""tag"", ""value"": ""宣传片""}]}}",,2184
193,看看浪浪人生的预告片,vod_search,vod_search,vod_search,1,1,0,0,,"{""query"": {""and"": [{""field"": ""title"", ""value"": ""浪浪人生""}, {""field"": ""tag"", ""value"": ""预告片""}]}}",,2190
194,王丽京的评剧视频,vod_search,vod_slow_search_data_search,vod_slow_search_data_search,0,0,0,0,,"{""entertainer"": ""王丽京"", ""category"": ""评剧""}",,2627
195,张新芳演唱的曲剧陈三两爬堂全集,vod_search,vod_search,vod_search,1,1,0,0,,"{""query"": {""and"": [{""field"": ""entertainer"", ""value"": ""张新芳""}, {""field"": ""title"", ""value"": ""陈三两爬堂""}, {""field"": ""is_over"", ""value"": 1}]}}",,2521
196,打金枝刘忠河的唱段,vod_slow_search_data_search,vod_slow_search_data_search,vod_slow_search_data_search,1,1,0,0,,"{""entertainer"": ""刘忠河""}",,2468
197,有没有张国立或张嘉益演的家庭剧,vod_search,vod_search,vod_search,1,1,0,0,,"{""query"": {""or"": [{""field"": ""actor"", ""value"": ""张国立""}, {""field"": ""actor"", ""value"": ""张嘉益""}]}}",,2601
198,播放孟非主持的新相亲大会,vod_search,vod_search,vod_search,1,1,0,0,,"{""query"": {""and"": [{""field"": ""action"", ""value"": ""play""}, {""and"": [{""field"": ""title"", ""value"": ""新相亲大会""}, {""field"": ""hostess"", ""value"": ""孟非""}]}, {""field"": ""series"", ""value"": 1}, {""field"": ""videoIndex"", ""value"": 1}]}}",,2640
199,沈腾马丽合演的搞笑电影,vod_search,vod_search,vod_search,1,1,0,0,,"{""query"": {""and"": [{""field"": ""actor"", ""values"": [""沈腾"", ""马丽""], ""operator"": ""and""}, {""field"": ""category"", ""value"": ""电影""}, {""field"": ""tag"", ""value"": ""搞笑""}]}}",,2862
200,潘长江的小品过河,vod_search,vod_slow_search_data_search,vod_slow_search_data_search,0,0,0,0,,"{""entertainer"": ""潘长江""}",,2532
201,酱油白米饭的搞笑视频大挑战,vod_slow_search_data_search,vod_search,vod_search,0,0,0,0,,"{""query"": {""and"": [{""field"": ""tag"", ""value"": ""搞笑""}, {""field"": ""title"", ""value"": ""酱油白米饭的搞笑视频大挑战""}]}}",,2109
202,我想看听泉赏宝的连线视频,vod_slow_search_data_search,vod_search,vod_search,0,0,0,0,,"{""query"": {""and"": [{""field"": ""entertainer"", ""value"": ""听泉赏宝""}, {""field"": ""tag"", ""value"": ""连线""}]}}",,2558
203,辩论赛经典视频,vod_search,vod_slow_search_data_search,vod_slow_search_data_search,0,0,0,0,,"{""tag"": ""辩论赛""}",,1672
204,詹青云辩论赛免费观看,vod_search,vod_slow_search_data_search,vod_slow_search_data_search,0,0,0,0,,"{""entertainer"": ""詹青云"", ""is_fee"": ""0""}",,2621
205,播放天津大学辩论赛视频,vod_slow_search_data_search,vod_slow_search_data_search,vod_slow_search_data_search,1,1,0,0,,,,1744
206,适合10到14岁看的纪录片,vod_search,vod_slow_search_data_search,vod_slow_search_data_search,0,0,0,0,,"{""category"": ""纪录片"", ""age"": ""10 TO 14""}",,4245
207,18岁以下看的电影,vod_search,vod_search,vod_search,1,1,0,0,,"{""query"": {""and"": [{""field"": ""category"", ""value"": ""电影""}, {""field"": ""age"", ""from"": ""*"", ""to"": 18}]}}",,2316
208,香格里拉纪录片,vod_search,vod_search,vod_search,1,1,0,0,,"{""query"": {""and"": [{""field"": ""title"", ""value"": ""香格里拉""}, {""field"": ""tag"", ""value"": ""纪录片""}]}}",,2150
209,唐山电影,vod_slow_search_data_search,vod_search,vod_search,0,0,0,0,,"{""query"": {""and"": [{""field"": ""title"", ""value"": ""唐山""}, {""field"": ""category"", ""value"": ""电影""}]}}",,2055
210,最新的脱口秀节目,vod_search,vod_slow_search_data_search,vod_slow_search_data_search,0,0,0,0,,"{""category"": ""综艺"", ""tag"": ""脱口秀"", ""date"": ""desc""}",,2407
211,笑果文化的脱口秀节目,vod_slow_search_data_search,vod_slow_search_data_search,vod_slow_search_data_search,1,1,0,0,,"{""category"": ""综艺""}",,2068
212,白玉兰奖颁奖晚会,vod_slow_search_data_search,vod_slow_search_data_search,vod_slow_search_data_search,1,1,0,0,,"{""tag"": ""颁奖晚会""}",,2530
213,2025金鸡奖颁奖典礼视频完整版,vod_search,vod_slow_search_data_search,vod_slow_search_data_search,0,0,0,0,,"{""date"": ""20250101 TO 20251231""}",,3279
214,获得白玉兰奖最佳女主角的电视剧,vod_search,vod_slow_search_data_search,vod_slow_search_data_search,0,0,0,0,,"{""category"": ""电视剧""}",,2437
215,获得香港金像奖最佳男主角的影片,vod_slow_search_data_search,vod_slow_search_data_search,vod_slow_search_data_search,1,1,0,0,,,,2540
216,打开免费电视,vod_search,vod_search,vod_search,1,1,0,0,,"{""query"": {""and"": [{""field"": ""fee"", ""value"": 0}, {""field"": ""category"", ""value"": ""电视剧""}]}}",,2280
217,影视集锦,vod_slow_search_data_search,vod_search,vod_search,0,0,0,0,,"{""query"": {""field"": ""tag"", ""value"": ""集锦""}}",,1604
218,放免费的戏,vod_search,vod_search,vod_search,1,1,0,0,,"{""query"": {""and"": [{""field"": ""category"", ""value"": ""戏""}, {""field"": ""fee"", ""value"": 0}]}}",,2149
219,适合炎热晴天看的电影有哪些,vod_slow_search_data_search,vod_slow_search_data_search,vod_slow_search_data_search,1,1,0,0,,"{""category"": ""电影"", ""tag"": ""炎热""}",,2401
220,适合冬天追的韩剧有什么,vod_slow_search_data_search,vod_slow_search_data_search,vod_slow_search_data_search,1,1,0,0,,"{""category"": ""电视剧""}",,2416
221,这个周末阴雨连绵，找几部适合宅在家里看的电影呗,vod_slow_search_data_search,vod_slow_search_data_search,vod_slow_search_data_search,1,1,0,0,,"{""category"": ""电影"", ""hot"": ""desc""}",,2822
222,“臣妾做不到啊”出自哪部电视剧？,vod_slow_search_data_search,vod_clip_search,vod_clip_search,0,0,0,0,,,,798
223,“不抛弃，不放弃！”是哪部剧里的台词,vod_slow_search_data_search,vod_clip_search,vod_clip_search,0,0,0,0,,,,876
224,老默吃鱼了是哪部电视剧的,vod_slow_search_data_search,vod_clip_search,vod_clip_search,0,0,0,0,,,,876
225,犯我中华者虽远必诛出现在哪个片子里,vod_slow_search_data_search,vod_clip_search,vod_clip_search,0,0,0,0,,,,873
226,“打得一拳开，免得百拳来”这句台词来自哪部电影,vod_slow_search_data_search,vod_clip_search,vod_clip_search,0,0,0,0,,,,874
227,“黎叔很生气，后果很严重”是什么电影，给我找出来,vod_slow_search_data_search,vod_clip_search,vod_clip_search,0,0,0,0,,,,1070
228,“珊瑚礁是海洋的雨林”是哪部纪录片里的台词,vod_slow_search_data_search,vod_clip_search,vod_clip_search,0,0,0,0,,,,1002
229,家财万贯，日食不过三餐。这句台词在哪部纪录片里说过,vod_slow_search_data_search,vod_clip_search,vod_clip_search,0,0,0,0,,,,1002
230,刑警安欣与高启强正邪较量的连续剧,vod_search,vod_search,vod_search,1,1,0,0,,"{""query"": {""and"": [{""field"": ""role"", ""value"": ""安欣""}, {""field"": ""role"", ""value"": ""高启强""}, {""field"": ""category"", ""value"": ""电视剧""}]}}",,2834
231,讲述一幢楼里面的五个女孩工作生活的电视剧,vod_slow_search_data_search,vod_slow_search_data_search,vod_slow_search_data_search,1,1,0,0,,"{""category"": ""电视剧"", ""tag"": ""五个女孩""}",,2939
232,根据张桂梅真实事迹改编的电视剧,vod_slow_search_data_search,vod_slow_search_data_search,vod_slow_search_data_search,1,1,0,0,,"{""category"": ""电视剧""}",,3089
233,一群蓝色的人骑着大鸟的电影是什么,vod_slow_search_data_search,vod_clip_search,vod_clip_search,0,0,0,0,,,,1087
234,根据川航航班备降成都事件改编的电影,vod_slow_search_data_search,vod_clip_search,vod_clip_search,0,0,0,0,,,,1026
235,四个小妖怪在组团后进行西行冒险之旅的电影,vod_search,vod_search,vod_search,1,1,0,0,,"{""query"": {""and"": [{""field"": ""title"", ""value"": ""四个小妖怪在组团后进行西行冒险之旅""}, {""field"": ""category"", ""value"": ""电影""}]}}",,2515
236,朱一龙主演的把妻子推到海底的电影,vod_slow_search_data_search,vod_clip_search,vod_clip_search,0,0,0,0,,,,1024
237,描写律师职场工作的综艺,vod_slow_search_data_search,vod_slow_search_data_search,vod_slow_search_data_search,1,1,0,0,,"{""category"": ""综艺"", ""tag"": ""律师职场""}",,2329
238,找一些跨龄旅行的生活体验真人秀节目,vod_search,vod_slow_search_data_search,vod_slow_search_data_search,0,0,0,0,,"{""category"": ""综艺"", ""tag"": ""跨龄旅行""}",,3008
239,我想看讲述中国各领域杰出人物的纪录片,vod_slow_search_data_search,vod_slow_search_data_search,vod_slow_search_data_search,1,1,0,0,,"{""category"": ""纪录片"", ""tag"": ""中国""}",,2559
240,找一部聚焦医疗、生死与人性的纪录片,vod_slow_search_data_search,vod_search,vod_search,0,0,0,0,,"{""query"": {""and"": [{""field"": ""category"", ""value"": ""纪录片""}, {""field"": ""tag"", ""value"": ""医疗""}, {""field"": ""tag"", ""value"": ""生死""}, {""field"": ""tag"", ""value"": ""人性""}]}}",,2855
241,催人泪下的剧情片,vod_slow_search_data_search,vod_slow_search_data_search,vod_slow_search_data_search,1,1,0,0,,"{""tag"": ""催人泪下"", ""category"": ""剧情片""}",,2082
242,春节全家必看暖心电影,vod_slow_search_data_search,vod_slow_search_data_search,vod_slow_search_data_search,1,1,0,0,,"{""category"": ""电影"", ""tag"": ""春节""}",,2304
243,播放所有免费关于觉醒异能的视频,vod_slow_search_data_search,vod_search,vod_search,0,0,0,0,,"{""query"": {""and"": [{""field"": ""action"", ""value"": ""play""}, {""and"": [{""field"": ""fee"", ""value"": 0}, {""field"": ""tag"", ""value"": ""觉醒异能""}]}, {""field"": ""series"", ""value"": 0}, {""field"": ""videoIndex"", ""value"": 0}]}}",,2515
244,播放穿越攻略免费短剧,vod_slow_search_data_search,vod_search,vod_search,0,0,0,0,,"{""query"": {""and"": [{""field"": ""title"", ""value"": ""穿越攻略""}, {""field"": ""fee"", ""value"": 0}]}}",,1967
245,给我推荐一个免费的萌娃短剧,vod_slow_search_data_search,vod_search,vod_search,0,0,0,0,,"{""query"": {""and"": [{""field"": ""category"", ""value"": ""短剧""}, {""field"": ""tag"", ""value"": ""萌娃""}, {""field"": ""fee"", ""value"": 0}]}}",,2367
246,和对象一起看的什么电影比较好,vod_slow_search_data_search,vod_slow_search_data_search,vod_slow_search_data_search,1,1,0,0,,"{""category"": ""电影""}",,2257
247,假期看的纪录片推荐,vod_slow_search_data_search,vod_slow_search_data_search,vod_slow_search_data_search,1,1,0,0,,"{""category"": ""纪录片"", ""tag"": ""假期"", ""hot"": ""desc""}",,2515
248,关于苗族非遗文化的纪录片,vod_slow_search_data_search,vod_search,vod_search,0,0,0,0,,"{""query"": {""and"": [{""field"": ""tag"", ""value"": ""苗族非遗文化""}, {""field"": ""category"", ""value"": ""纪录片""}]}}",,2741
249,和甄嬛传类似的电视剧,vod_relate_recommend,vod_relate_recommend,vod_relate_recommend,1,1,0,0,,,,1039
250,跟《大染坊》系列类似的电视剧,vod_relate_recommend,vod_relate_recommend,vod_relate_recommend,1,1,0,0,,,,907
251,类似《赘婿》的剧,vod_relate_recommend,vod_relate_recommend,vod_relate_recommend,1,1,0,0,,,,907
252,有没有类似盗梦空间的电影,vod_relate_recommend,vod_relate_recommend,vod_relate_recommend,1,1,0,0,,,,837
253,推荐跟冰雪奇缘相近的影片,vod_relate_recommend,vod_relate_recommend,vod_relate_recommend,1,1,0,0,,,,942
254,和阿凡达类似的电影,vod_relate_recommend,vod_relate_recommend,vod_relate_recommend,1,1,0,0,,,,942
255,类型和《航拍中国》一样的纪录片,vod_relate_recommend,vod_relate_recommend,vod_relate_recommend,1,1,0,0,,,,1047
256,类似舌尖上的中国的美食视频,vod_slow_search_data_search,vod_relate_recommend,vod_relate_recommend,0,0,0,0,,,,1047
257,题材跟《中国好声音》相似的综艺节目,vod_relate_recommend,vod_relate_recommend,vod_relate_recommend,1,1,0,0,,,,1151
258,跟最强大脑相似的综艺有哪些,vod_relate_recommend,vod_relate_recommend,vod_relate_recommend,1,1,0,0,,,,1142
259,根据我的兴趣推荐几部剧,vod_personalized_recommend,vod_personalized_recommend,vod_personalized_recommend,1,1,0,0,,,,1154
260,结合我的喜好推荐电视剧,vod_personalized_recommend,vod_personalized_recommend,vod_personalized_recommend,1,1,0,0,,,,1154
261,帮我找符合我偏好的电视剧,vod_personalized_recommend,vod_personalized_recommend,vod_personalized_recommend,1,1,0,0,,,,1154
262,按我的口味推荐电影,vod_personalized_recommend,vod_personalized_recommend,vod_personalized_recommend,1,1,0,0,,,,1154
263,请根据我的喜好，来给我推荐影片,vod_personalized_recommend,vod_personalized_recommend,vod_personalized_recommend,1,1,0,0,,,,1154
264,有什么适合我的电影推荐吗？,vod_personalized_recommend,vod_personalized_recommend,vod_personalized_recommend,1,1,0,0,,,,1068
265,给我推荐一些我喜欢的纪录片,vod_personalized_recommend,vod_personalized_recommend,vod_personalized_recommend,1,1,0,0,,,,1158
266,根据我的观影习惯推荐纪录片,vod_personalized_recommend,vod_personalized_recommend,vod_personalized_recommend,1,1,0,0,,,,1159
267,推荐我喜欢的综艺节目,vod_personalized_recommend,vod_personalized_recommend,vod_personalized_recommend,1,1,0,0,,,,1154
268,按我的个人兴趣，推荐点综艺视频,vod_personalized_recommend,vod_personalized_recommend,vod_personalized_recommend,1,1,0,0,,,,1153
269,值得看的悬疑剧,vod_search,vod_search,vod_search,1,1,0,0,,"{""query"": {""and"": [{""field"": ""category"", ""value"": ""电视剧""}, {""field"": ""tag"", ""value"": ""悬疑""}]}}",,2358
270,大家都在看的热门剧推荐一下,vod_slow_search_data_search,vod_search,vod_search,0,0,0,0,,"{""query"": {""field"": ""category"", ""value"": ""电视剧""}, ""sort"": {""hot"": {""order"": ""desc""}}}",,2065
271,搜索播放量高的电视剧,vod_search,vod_search,vod_search,1,1,0,0,,"{""query"": {""field"": ""category"", ""value"": ""电视剧""}, ""sort"": {""play"": {""order"": ""desc""}}}",,2436
272,口碑好的国产剧有哪些,vod_search,vod_search,vod_search,1,1,0,0,,"{""query"": {""and"": [{""field"": ""category"", ""value"": ""电视剧""}, {""field"": ""area"", ""value"": ""国产""}, {""field"": ""rate"", ""from"": 8, ""to"": ""*""}]}}",,2543
273,最近爆火的新剧,vod_slow_search_data_search,vod_search,vod_search,0,0,0,0,,"{""query"": {""and"": [{""field"": ""category"", ""value"": ""电视剧""}, {""field"": ""is_over"", ""value"": 0}]}, ""sort"": {""hot"": {""order"": ""desc""}}}",,2501
274,大家都在看的电影,vod_search,vod_search,vod_search,1,1,0,0,,"{""query"": {""field"": ""category"", ""value"": ""电影""}, ""sort"": {""hot"": {""order"": ""desc""}}}",,2250
275,最近很火的电影,vod_search,vod_search,vod_search,1,1,0,0,,"{""query"": {""field"": ""category"", ""value"": ""电影""}, ""sort"": {""hot"": {""order"": ""desc""}}}",,2405
276,最新上线的口碑新片,vod_search,vod_search,vod_search,1,1,0,0,,"{""query"": {""and"": [{""field"": ""category"", ""value"": ""电影""}, {""field"": ""rate"", ""from"": 8, ""to"": ""*""}]}, ""sort"": {""new"": {""order"": ""desc""}}}",,2606
277,帮我搜索播放量高的电影,vod_search,vod_search,vod_search,1,1,0,0,,"{""query"": {""field"": ""category"", ""value"": ""电影""}, ""sort"": {""play"": {""order"": ""desc""}}}",,2535
278,野狗骨头更新到多少集了,vod_slow_search_data_search,vod_slow_search_data_search,vod_slow_search_data_search,1,1,0,0,,,,1994
279,庆余年第二季一共多少集,vod_slow_search_data_search,vod_slow_search_data_search,vod_slow_search_data_search,1,1,0,0,,,,2051
280,速度与激情现在播到哪一季了,vod_slow_search_data_search,vod_slow_search_data_search,vod_slow_search_data_search,1,1,0,0,,,,2151
281,歌手2026播放到第几期了,vod_slow_search_data_search,vod_slow_search_data_search,vod_slow_search_data_search,1,1,0,0,,,,2248
282,蓝色星球纪录片更新到第几季了呢,vod_slow_search_data_search,vod_slow_search_data_search,vod_slow_search_data_search,1,1,0,0,,"{""tag"": ""纪录片""}",,2539
283,《主角》电视剧现在更新到第几集了？,vod_slow_search_data_search,vod_slow_search_data_search,vod_slow_search_data_search,1,1,0,0,,"{""category"": ""电视剧""}",,2426
284,最近看过的电视剧,vod_history,vod_history,vod_history,1,1,0,0,,,,889
285,播放刚才看的电影,vod_history,vod_history,vod_history,1,1,0,0,,,,995
286,继续播我上一次看的电影,vod_history,vod_history,vod_history,1,1,0,0,,,,933
287,播放昨天的纪录片,vod_history,vod_search,vod_search,0,0,0,0,,"{""query"": {""and"": [{""field"": ""action"", ""value"": ""play""}, {""and"": [{""field"": ""category"", ""value"": ""纪录片""}, {""field"": ""release_year"", ""from"": ""20231024"", ""to"": ""20231024""}]}, {""field"": ""series"", ""value"": 1}, {""field"": ""videoIndex"", ""value"": 1}]}}",,3272
288,打开我近期播过的综艺节目,vod_history,vod_history,vod_history,1,1,0,0,,,,853
289,沉默的荣耀有哪些值得称赞的地方？,vod_slow_search_data_search,vod_slow_search_data_search,vod_slow_search_data_search,1,1,0,0,,,,1959
290,速度与激情系列电影讲的什么,vod_slow_search_data_search,vod_slow_search_data_search,vod_slow_search_data_search,1,1,0,0,,,,1862
291,电视剧《狂飙》的主演阵容包括哪些,vod_slow_search_data_search,vod_slow_search_data_search,vod_slow_search_data_search,1,1,0,0,,,,1932
292,为什么那么多抗战片，就火了李云龙,vod_slow_search_data_search,vod_slow_search_data_search,vod_slow_search_data_search,1,1,0,0,,"{""tag"": ""抗战""}",,2201
293,易烊千玺在小小的我中塑造了什么角色,vod_slow_search_data_search,vod_slow_search_data_search,vod_slow_search_data_search,1,1,0,0,,"{""actor"": ""易烊千玺""}",,2345
294,生万物在哪个省份实地取景？,vod_slow_search_data_search,vod_slow_search_data_search,vod_slow_search_data_search,1,1,0,0,,,,1832
295,《我的山与海》改编自谁的哪部小说,vod_slow_search_data_search,vod_slow_search_data_search,vod_slow_search_data_search,1,1,0,0,,,,2255
296,舌尖上的中国第四季介绍了哪些美食,vod_slow_search_data_search,vod_slow_search_data_search,vod_slow_search_data_search,1,1,0,0,,"{""category"": ""纪录片""}",,2277
297,今年票房最高的电影是哪部,vod_slow_search_data_search,vod_slow_search_data_search,vod_slow_search_data_search,1,1,0,0,,"{""category"": ""电影"", ""play"": ""desc""}",,2376
298,给阿嬷的情书电影的票房成绩如何,vod_slow_search_data_search,vod_slow_search_data_search,vod_slow_search_data_search,1,1,0,0,,,,1870
299,今年暑期档上映的影片有哪些,vod_slow_search_data_search,vod_slow_search_data_search,vod_slow_search_data_search,1,1,0,0,,"{""category"": ""电影"", ""date"": ""20240701 TO 20240831""}",,2700
300,近两年清明档期上映电影推荐,vod_slow_search_data_search,vod_slow_search_data_search,vod_slow_search_data_search,1,1,0,0,,"{""category"": ""电影"", ""date"": ""20220405 TO 20240405"", ""hot"": ""desc""}",,2940
301,刘德华友情出演的影片,vod_slow_search_data_search,vod_search,vod_search,0,0,0,0,,"{""query"": {""and"": [{""field"": ""actor"", ""value"": ""刘德华""}]}}",,1884
302,改编自莫言小说的电影,vod_slow_search_data_search,vod_slow_search_data_search,vod_slow_search_data_search,1,1,0,0,,"{""category"": ""电影""}",,2878
303,金庸小说改编的电视剧,vod_slow_search_data_search,vod_search,vod_search,0,0,0,0,,"{""query"": {""and"": [{""field"": ""category"", ""value"": ""电视剧""}, {""field"": ""creation_source"", ""value"": ""小说改编""}]}}",,2405
304,高满堂编剧的电视剧,vod_slow_search_data_search,vod_slow_search_data_search,vod_slow_search_data_search,1,1,0,0,,"{""category"": ""电视剧""}",,2141
305,河西走廊的核心理念是什么,vod_slow_search_data_search,vod_slow_search_data_search,vod_slow_search_data_search,1,1,0,0,,,,1617
306,搜索陈祉希担任制片人的电影,vod_slow_search_data_search,vod_slow_search_data_search,vod_slow_search_data_search,1,1,0,0,,"{""category"": ""电影"", ""entertainer"": ""陈祉希""}",,2154
307,季冠霖配音的电视剧有哪些,vod_slow_search_data_search,vod_search,vod_search,0,0,0,0,,"{""query"": {""and"": [{""field"": ""dubbing"", ""value"": ""季冠霖""}, {""field"": ""category"", ""value"": ""电视剧""}]}}",,2601
308,播放今年春晚的语言类节目,vod_slow_search_data_search,vod_slow_search_data_search,vod_slow_search_data_search,1,1,0,0,,"{""category"": ""综艺"", ""tag"": ""语言类""}",,3092
309,饺子的简介,vod_slow_search_data_search,vod_slow_search_data_search,vod_slow_search_data_search,1,1,0,0,,,,1802
310,张艺谋的资料,vod_slow_search_data_search,vod_slow_search_data_search,vod_slow_search_data_search,1,1,0,0,,"{""director"": ""张艺谋""}",,1805
311,刘德华是谁,vod_slow_search_data_search,vod_slow_search_data_search,vod_slow_search_data_search,1,1,0,0,,,,1905
312,演员王宝强,vod_slow_search_data_search,vod_search,vod_search,0,0,0,0,,"{""query"": {""field"": ""actor"", ""value"": ""王宝强""}}",,1906
313,介绍一下周杰伦,vod_slow_search_data_search,vod_slow_search_data_search,vod_slow_search_data_search,1,1,0,0,,"{""entertainer"": ""周杰伦""}",,1787
314,打开李雪琴短视频,vod_search,vod_search,vod_search,1,1,0,0,,"{""query"": {""and"": [{""field"": ""entertainer"", ""value"": ""李雪琴""}, {""field"": ""category"", ""value"": ""短视频""}]}}",,2431
315,播出皮尔斯布鲁斯南的短视频,vod_search,vod_search,vod_search,1,1,0,0,,"{""query"": {""and"": [{""field"": ""actor"", ""value"": ""皮尔斯布鲁斯南""}, {""field"": ""tag"", ""value"": ""短视频""}]}}",,3014
316,搜索金秀贤、金智媛短视频,vod_search,vod_search,vod_search,1,1,1,0,,"{""query"": {""and"": [{""field"": ""actor"", ""values"": [""金秀贤"", ""金智媛""], ""operator"": ""and""}, {""field"": ""category"", ""value"": ""短视频""}]}}","{""query"": {""and"": [{""field"": ""title"", ""values"": [""金秀贤"", ""金智媛""], ""operator"": ""and""}, {""field"": ""category"", ""value"": ""短视频""}]}}",3231
317,周星驰有哪些经典台词片段,vod_clip_search,vod_clip_search,vod_clip_search,1,1,0,0,,,,998
318,2025年古装剧打斗场面,vod_clip_search,vod_clip_search,vod_clip_search,1,1,0,0,,,,976
319,狂飙名场面盘点,vod_clip_search,vod_clip_search,vod_clip_search,1,1,0,0,,,,983
320,狂飙催泪片段,vod_clip_search,vod_clip_search,vod_clip_search,1,1,0,0,,,,969
321,2023到2026年沈腾电影精彩片段合集,vod_clip_search,vod_clip_search,vod_clip_search,1,1,0,0,,,,998
322,李连杰内地电影打斗名场面,vod_clip_search,vod_clip_search,vod_clip_search,1,1,0,0,,,,990
323,杨幂古装剧甜蜜名场面,vod_clip_search,vod_clip_search,vod_clip_search,1,1,0,0,,,,999
324,莲花楼燃点片段汇总,vod_clip_search,vod_clip_search,vod_clip_search,1,1,0,0,,,,1026
325,昨夜将至还有什么反转剧情,vod_clip_search,vod_clip_search,vod_clip_search,1,1,0,0,,,,965
326,亮剑都有哪些名场面,vod_clip_search,vod_clip_search,vod_clip_search,1,1,0,0,,,,660
327,周生如故虐心场面集锦,vod_clip_search,vod_clip_search,vod_clip_search,1,1,0,0,,,,953
328,白月梵星都有哪些打斗场面,vod_clip_search,vod_clip_search,vod_clip_search,1,1,0,0,,,,1033
329,太平年经典场面集锦,vod_clip_search,vod_clip_search,vod_clip_search,1,1,0,0,,,,1031
330,逐玉告白名场面,vod_clip_search,vod_clip_search,vod_clip_search,1,1,0,0,,,,950
331,低智商犯罪反转场面盘点,vod_clip_search,vod_clip_search,vod_clip_search,1,1,0,0,,,,1085
332,成龙电影打斗片段,vod_clip_search,vod_clip_search,vod_clip_search,1,1,0,0,,,,1132
333,有没有哪吒2全片最震撼的戏,vod_clip_search,vod_clip_search,vod_clip_search,1,1,0,0,,,,1140
334,嫌疑人X的献身的逻辑推理名场面短视频,vod_clip_search,vod_clip_search,vod_clip_search,1,1,0,0,,,,1140
335,隐秘的角落高能反转片段,vod_clip_search,vod_clip_search,vod_clip_search,1,1,0,0,,,,1139
336,给我搜捕风追影里成龙和梁家辉的对手戏视频,vod_clip_search,vod_clip_search,vod_clip_search,1,1,0,0,,,,1140
337,狂飙里张颂文和张译最高光名场面,vod_clip_search,vod_clip_search,vod_clip_search,1,1,0,0,,,,1140
338,想看狂飙里高启强和安欣两人同框封神片段,vod_clip_search,vod_clip_search,vod_clip_search,1,1,0,0,,,,1132
339,飞驰人生3中张驰、孙宇强的爆燃高光小视频有哪些,vod_clip_search,vod_clip_search,vod_clip_search,1,1,0,0,,,,1053
340,看一下周迅电影哭戏名场面合集,vod_clip_search,vod_clip_search,vod_clip_search,1,1,0,0,,,,1057
341,肖申克的救赎逆袭高光桥段汇总,vod_clip_search,vod_clip_search,vod_clip_search,1,1,0,0,,,,1115
342,教父经典对峙名场面合集,vod_clip_search,vod_clip_search,vod_clip_search,1,1,0,0,,,,1115
343,武林外传最搞笑的那些名场面,vod_clip_search,vod_clip_search,vod_clip_search,1,1,0,0,,,,1115
344,人生之路里最让人血压升高的场面,vod_clip_search,vod_clip_search,vod_clip_search,1,1,0,0,,,,1113
345,熊猫计划之部落奇遇记里面最燃的场面合集,vod_clip_search,vod_clip_search,vod_clip_search,1,1,0,0,,,,1113
346,我要看大伙的秘密就不是秘密那段,vod_clip_search,vod_clip_search,vod_clip_search,1,1,0,0,,,,1113
347,我要看正经人谁写日记啊那个片段,vod_clip_search,vod_clip_search,vod_clip_search,1,1,0,0,,,,1031
348,搜索我命由我不由天的那段,vod_clip_search,vod_clip_search,vod_clip_search,1,1,0,0,,,,1024
349,跳到现实生活可比墙上的标语复杂多了的片段,vod_clip_search,vod_clip_search,vod_clip_search,1,1,0,0,,,,1085
350,请帮我播一下天亮前的夜，最难熬那个片段呗,vod_clip_search,vod_clip_search,vod_clip_search,1,1,0,0,,,,1085
351,"我要看那段我已无法返航,你们继续努力的视频",vod_clip_search,vod_clip_search,vod_clip_search,1,1,0,0,,,,1085
352,"我想看一个人可以被毁灭,但不能被打败的那个片段吗",vod_clip_search,vod_clip_search,vod_clip_search,1,1,0,0,,,,1085
353,搜索要怀疑我们怀疑的怀疑的台词片段,vod_clip_search,vod_clip_search,vod_clip_search,1,1,0,0,,,,1085
354,找一下台词你过来啊这段视频,vod_clip_search,vod_clip_search,vod_clip_search,1,1,0,0,,,,1085
355,燕子!燕子没有你我怎么活啊这段台词的视频在哪,vod_clip_search,vod_clip_search,vod_clip_search,1,1,0,0,,,,1085
356,"帮我播电影片段，说的是我在人群中,总能第一眼就看到你",vod_clip_search,vod_clip_search,vod_clip_search,1,1,0,0,,,,998
357,帮我看生我者父母，知我者唐兄啊的搞笑片段,vod_clip_search,vod_clip_search,vod_clip_search,1,1,0,0,,,,1088
358,"查找做生意,时间很重要的片段那段",vod_clip_search,vod_clip_search,vod_clip_search,1,1,0,0,,,,1088
359,播有此头不可低，此腰不能弯那个片段,vod_clip_search,vod_clip_search,vod_clip_search,1,1,0,0,,,,1088
360,麻烦放一下你妈没告诉你别欺负熊孩子吗的电影片段啊,vod_clip_search,vod_clip_search,vod_clip_search,1,1,0,0,,,,1085
361,"我是尊重规则,但它得公平啊那段视频帮我找找",vod_clip_search,vod_clip_search,vod_clip_search,1,1,0,0,,,,1085
362,帮我查找一下电视剧片段是既生瑜，何生亮？,vod_clip_search,vod_clip_search,vod_clip_search,1,1,0,0,,,,1085
363,鞠躬尽瘁，死而后已的电视剧,vod_clip_search,vod_clip_search,vod_clip_search,1,1,0,0,,,,1086
364,起播人活着就是折腾的视频,vod_clip_search,vod_search,vod_search,0,0,0,0,,"{""query"": {""and"": [{""field"": ""action"", ""value"": ""play""}, {""field"": ""title"", ""value"": ""人活着就是折腾""}]}}",,2463
365,"放一下今天你我,划地绝交的片段的感人片段呗",vod_clip_search,vod_clip_search,vod_clip_search,1,1,0,0,,,,1002
366,找满江红里这计划赌的不是局，是人的片段,vod_clip_search,vod_clip_search,vod_clip_search,1,1,0,0,,,,1002
367,看下西游记我叫你一声你敢答应吗?,vod_clip_search,vod_clip_search,vod_clip_search,1,1,0,0,,,,1003
368,播放功夫我发起疯来连自己都怕。,vod_clip_search,vod_search,vod_search,0,0,0,0,,"{""query"": {""and"": [{""field"": ""action"", ""value"": ""play""}, {""field"": ""title"", ""value"": ""功夫我发起疯来连自己都怕""}]}}",,2371
369,播放隐秘的角落里您看我还有机会吗?那段戏,vod_clip_search,vod_clip_search,vod_clip_search,1,1,0,0,,,,1005
370,看下熊出没之雪岭熊风，熊就要有个熊样,vod_clip_search,vod_search,vod_search,0,0,0,0,,"{""query"": {""and"": [{""field"": ""action"", ""value"": ""play""}, {""field"": ""title"", ""value"": ""熊出没之雪岭熊风""}, {""field"": ""series"", ""value"": 1}, {""field"": ""videoIndex"", ""value"": 1}]}}",,3085
371,"找封神第一部马看到什么,是人决定的",vod_clip_search,vod_clip_search,vod_clip_search,1,1,0,0,,,,1075
372,找一下功夫熊猫4，就算赢不了，我也要试一试的片段,vod_clip_search,vod_clip_search,vod_clip_search,1,1,0,0,,,,1019
373,给我看杉杉来了电视剧里老板，撑死算工伤吗？的那集片段,vod_clip_search,vod_clip_search,vod_clip_search,1,1,0,0,,,,1046
374,帮我播放士兵突击里有意义就是好好活，好好活就是做有意义的事。那个片段,vod_clip_search,vod_clip_search,vod_clip_search,1,1,0,0,,,,1071
375,我想看蜘蛛侠说能力越大，责任越大的场景,vod_clip_search,vod_clip_search,vod_clip_search,1,1,0,0,,,,1071
376,蜘蛛侠：平行宇宙的不管遭受多少次打击，我最终总是会爬起来片段,vod_clip_search,vod_clip_search,vod_clip_search,1,1,0,0,,,,1001
377,逐玉破窗之吻名场面,vod_clip_search,vod_clip_search,vod_clip_search,1,1,0,0,,,,1052
378,甄嬛传倚梅园许愿名场面,vod_clip_search,vod_clip_search,vod_clip_search,1,1,0,0,,,,971
379,大话西游紫霞仙子眨眼名场面,vod_clip_search,vod_clip_search,vod_clip_search,1,1,0,0,,,,1054
380,华强买瓜片段,vod_clip_search,vod_clip_search,vod_clip_search,1,1,0,0,,,,1062
381,碟中谍阿汤哥倒吊潜入场面,vod_clip_search,vod_clip_search,vod_clip_search,1,1,0,0,,,,1164
382,星爷我养你啊场面,vod_clip_search,vod_clip_search,vod_clip_search,1,1,0,0,,,,1164
383,《东成西就》欧阳锋香肠嘴名场面,vod_clip_search,vod_clip_search,vod_clip_search,1,1,0,0,,,,1164
384,《花样年华》梁朝伟墙洞倾诉的名场面,vod_clip_search,vod_clip_search,vod_clip_search,1,1,0,0,,,,1164
385,收看电视剧生万物，宁绣绣雪地红衣断亲的那段戏,vod_clip_search,vod_clip_search,vod_clip_search,1,1,0,0,,,,1156
386,我想看电影《英雄》胡杨林打斗场面,vod_clip_search,vod_clip_search,vod_clip_search,1,1,0,0,,,,1127
387,武林外传，吕秀才智斗姬无命的高光名场面,vod_clip_search,vod_clip_search,vod_clip_search,1,1,0,0,,,,1134
388,潜伏中，翠平打麻将口误的那个片段,vod_clip_search,vod_clip_search,vod_clip_search,1,1,0,0,,,,1131
389,播放《卧虎藏龙》章子怡竹林打斗的片段,vod_clip_search,vod_clip_search,vod_clip_search,1,1,0,0,,,,1130
390,《甜蜜蜜》电影里，张曼玉认尸笑场名场面,vod_clip_search,vod_clip_search,vod_clip_search,1,1,0,0,,,,1131
391,《九品芝麻官》里，周星驰吞剑的戏,vod_clip_search,vod_clip_search,vod_clip_search,1,1,0,0,,,,1129
392,西红柿首富里魏翔吃乳猪的片段,vod_clip_search,vod_clip_search,vod_clip_search,1,1,0,0,,,,1129
393,刘德华在《天若有情》婚纱摩托狂飙的封神镜头,vod_clip_search,vod_clip_search,vod_clip_search,1,1,0,0,,,,1129
394,甄嬛甘露寺回宫片段,vod_clip_search,vod_clip_search,vod_clip_search,1,1,0,0,,,,1048
395,高启强黑化成为黑社会老大片段,vod_clip_search,vod_clip_search,vod_clip_search,1,1,0,0,,,,1131
396,白浅取回眼睛反转片段,vod_clip_search,vod_clip_search,vod_clip_search,1,1,0,0,,,,1131
397,樊长玉揭露李丞相阴谋复仇片段,vod_clip_search,vod_clip_search,vod_clip_search,1,1,0,0,,,,1131
398,想看范云独立搞事业、朝堂爽戏的那场戏,vod_clip_search,vod_clip_search,vod_clip_search,1,1,0,0,,,,1131
399,回放聚餐欧阳懿酒后痛哭，吐露多年磨难委屈的那一段,vod_clip_search,vod_clip_search,vod_clip_search,1,1,0,0,,,,1131
400,跳转到黄彩玲突发急病，吐露真相的那段视频,vod_clip_search,vod_clip_search,vod_clip_search,1,1,0,0,,,,1131
401,回看曹建军为追嫌犯车祸重伤，抢救无效牺牲的片段,vod_clip_search,vod_clip_search,vod_clip_search,1,1,0,0,,,,1131
402,帮我播放队友拿下盗猎头目，想私刑被白菊拦下的那个片段,vod_clip_search,vod_clip_search,vod_clip_search,1,1,0,0,,,,1132
403,林美月和韩栋审讯室镜面夫妻对峙的视频片段,vod_clip_search,vod_clip_search,vod_clip_search,1,1,0,0,,,,1132
404,播放问心2致敬李晟医生的那段戏,vod_clip_search,vod_clip_search,vod_clip_search,1,1,0,0,,,,1132
405,起播张一昂火车站意外擒获A级通缉犯的视频片段,vod_clip_search,vod_clip_search,vod_clip_search,1,1,0,0,,,,1133
406,我想看程兵和队友跨越千里追凶途中互相宽慰那场戏,vod_clip_search,vod_clip_search,vod_clip_search,1,1,0,0,,,,1132
407,林品如高调回归复仇那场戏,vod_clip_search,vod_clip_search,vod_clip_search,1,1,0,0,,,,1135
408,“地球是很危险的，你快点回火星吧！”这句话出自哪个视频,vod_clip_search,vod_clip_search,vod_clip_search,1,1,0,0,,,,1134
409,小强你怎么了小强，这句话是谁在哪部电影里说的,vod_clip_search,vod_clip_search,vod_clip_search,1,1,0,0,,,,1134
410,我想挑战一下我的软肋是什么电影,vod_clip_search,vod_clip_search,vod_clip_search,1,1,0,0,,,,1134
411,风浪越大，鱼越贵这句台词出自哪里,vod_clip_search,vod_clip_search,vod_clip_search,1,1,0,0,,,,1134
412,生而平凡，也能拼出一条出路出自什么影视剧？,vod_clip_search,vod_clip_search,vod_clip_search,1,1,0,0,,,,1134
413,“打得一拳开，免得百拳来”这句台词来自哪部电影,vod_clip_search,vod_clip_search,vod_clip_search,1,1,0,0,,,,1133
414,臣妾做不到啊是啊哪部片子的来看,vod_clip_search,vod_clip_search,vod_clip_search,1,1,0,0,,,,1133
415,你知道 “打不过就溜” 是哪部剧的？,vod_clip_search,vod_clip_search,vod_clip_search,1,1,0,0,,,,1131
416,剑锋所指，所向披靡！是来自哪个电视剧,vod_clip_search,vod_clip_search,vod_clip_search,1,1,0,0,,,,1131
417,哪部电影里有这句台词：我没有想赢，我只是不想输,vod_clip_search,vod_clip_search,vod_clip_search,1,1,0,0,,,,1131
418,这句台词外滩的灯，永远为生意人亮着，出自哪儿,vod_clip_search,vod_clip_search,vod_clip_search,1,1,0,0,,,,1131
419,人生除死无大事，这句台词是哪部剧的？,vod_clip_search,vod_clip_search,vod_clip_search,1,1,0,0,,,,1202
420,他强任他强清风拂山岗是什么剧里的,vod_clip_search,vod_clip_search,vod_clip_search,1,1,0,0,,,,950
421,“不抛弃，不放弃！”是哪部剧里的台词,vod_clip_search,vod_clip_search,vod_clip_search,1,1,0,0,,,,1129
422,“陆地对我来说是一艘太大的船” 这句台词来自哪部影片？,vod_clip_search,vod_clip_search,vod_clip_search,1,1,0,0,,,,1128
423,“我对你何止半分真心” 出自哪部剧,vod_clip_search,vod_clip_search,vod_clip_search,1,1,0,0,,,,1128
424,做生意，讲究的是体面来自哪部剧,vod_clip_search,vod_clip_search,vod_clip_search,1,1,0,0,,,,949
425,华强买瓜出自哪部剧,vod_clip_search,vod_clip_search,vod_clip_search,1,1,0,0,,,,1236
426,那个警察退休后追查旧案的剧叫什么,vod_clip_search,vod_clip_search,vod_clip_search,1,1,0,0,,,,1236
427,苏明玉逆袭那段是都挺好第几集,vod_clip_search,vod_clip_search,vod_clip_search,1,1,0,0,,,,1131
428,逐玉男女主隔着窗户吃陈皮糖暧昧拉扯是第几集？,vod_clip_search,vod_clip_search,vod_clip_search,1,1,0,0,,,,1051
429,那部讲核潜艇研发的电视剧叫什么,vod_clip_search,vod_clip_search,vod_clip_search,1,1,0,0,,,,1136
430,江立伟独自关闭火场阀门出自哪部片子,vod_clip_search,vod_clip_search,vod_clip_search,1,1,0,0,,,,1136
431,人世间周家三兄妹团圆是哪集,vod_clip_search,vod_clip_search,vod_clip_search,1,1,0,0,,,,1136
432,那部讲电竞选手退役后当教练的剧叫什么,vod_clip_search,vod_clip_search,vod_clip_search,1,1,0,0,,,,1136
433,苏无名解读繁华背后暗藏阴影出自哪部探案剧,vod_clip_search,vod_clip_search,vod_clip_search,1,1,0,0,,,,1132
434,那个男主隐居江湖十年身中剧毒的古装剧叫什么,vod_clip_search,vod_clip_search,vod_clip_search,1,1,0,0,,,,1133
435,战狼2冷锋举国旗那段在第几分钟,vod_clip_search,vod_clip_search,vod_clip_search,1,1,0,0,,,,1132
436,东方青苍为小兰花逆天改命是哪集,vod_clip_search,vod_clip_search,vod_clip_search,1,1,0,0,,,,1124
437,长相思小夭梅林虐杀是第几集,vod_clip_search,vod_clip_search,vod_clip_search,1,1,0,0,,,,1133
438,大明王朝海瑞下狱是哪集,vod_clip_search,vod_clip_search,vod_clip_search,1,1,0,0,,,,1133
439,"[""热门的喜剧综艺"", ""这里面要高分的""]",vod_slow_search_data_search,vod_slow_search_data_search,vod_slow_search_data_search,1,1,0,0,,"{""category"": ""综艺"", ""rate"": ""8 TO *"", ""hot"": ""desc""}",,3502
440,"[""最新的悬疑电影"", ""这里面要评分高的""]",vod_slow_search_data_search,vod_slow_search_data_search,vod_slow_search_data_search,1,1,0,0,,"{""category"": ""电影"", ""tag"": ""悬疑"", ""rate"": ""8 TO *"", ""date"": ""desc""}",,3487
441,"[""高分爱情电影"", ""这里面要最近的""]",vod_slow_search_data_search,vod_slow_search_data_search,vod_slow_search_data_search,1,1,0,0,,"{""category"": ""电影"", ""tag"": ""爱情"", ""rate"": ""8 TO *"", ""date"": ""20230101 TO *""}",,3023
442,"[""热门古装剧"", ""这里面播放量高的""]",vod_slow_search_data_search,vod_search,vod_search,0,0,0,0,,"{""query"": {""or"": [{""field"": ""tag"", ""value"": ""古装""}, {""field"": ""tag"", ""value"": ""热门""}]}, ""sort"": {""play"": {""order"": ""desc""}}}",,2506
443,"[""播放多的喜剧综艺"", ""这里面要最热的""]",vod_slow_search_data_search,vod_search,vod_search,0,0,0,0,,"{""query"": {""and"": [{""field"": ""category"", ""value"": ""综艺""}, {""field"": ""comedy_brand"", ""value"": ""喜剧""}]}, ""sort"": {""hot"": {""order"": ""desc""}}}",,2013
444,"[""最新都市剧"", ""这里面要热门的""]",vod_slow_search_data_search,vod_slow_search_data_search,vod_slow_search_data_search,1,1,0,0,,"{""category"": ""电视剧"", ""tag"": ""都市"", ""hot"": ""desc""}",,2249
445,"[""特别冷门的人文纪录片"", ""这里面播放量高的""]",vod_slow_search_data_search,vod_slow_search_data_search,vod_slow_search_data_search,1,1,0,0,,"{""tag"": ""冷门"", ""category"": ""纪录片"", ""play"": ""desc""}",,3703
446,"[""好看的电影"", ""这里最新的""]",vod_slow_search_data_search,vod_slow_search_data_search,vod_slow_search_data_search,1,1,0,0,,"{""category"": ""电影"", ""tag"": ""好看"", ""date"": ""desc""}",,1925
447,"[""好看的电视剧"", ""这里评分高的""]",vod_slow_search_data_search,vod_slow_search_data_search,vod_slow_search_data_search,1,1,0,0,,"{""tag"": ""好看"", ""rate"": ""8 TO *""}",,2436
448,"[""最新的综艺节目"", ""这里面播放量高的""]",vod_slow_search_data_search,vod_search,vod_search,0,0,0,0,,"{""query"": {""and"": [{""field"": ""category"", ""value"": ""综艺""}, {""field"": ""category"", ""value"": ""节目""}]}, ""sort"": {""new"": {""order"": ""desc""}, ""play"": {""order"": ""desc""}}}",,2627
449,"[""热门的影片"", ""这里面要最新的""]",vod_slow_search_data_search,vod_slow_search_data_search,vod_slow_search_data_search,1,1,0,0,,"{""tag"": ""热门"", ""date"": ""desc""}",,2450
450,"[""美食纪录片"", ""这里面要口碑好的""]",vod_slow_search_data_search,vod_slow_search_data_search,vod_slow_search_data_search,1,1,0,0,,"{""tag"": ""美食纪录片"", ""rate"": ""8 TO *""}",,2620
451,"[""搜索电视剧"", ""这里评分低的""]",vod_slow_search_data_search,vod_slow_search_data_search,vod_slow_search_data_search,1,1,0,0,,"{""category"": ""电视剧"", ""rate"": ""0 TO 5""}",,3780
452,"[""刘德华的电影"", ""这里面要播放量高的""]",vod_slow_search_data_search,vod_slow_search_data_search,vod_slow_search_data_search,1,1,0,0,,"{""actor"": ""刘德华"", ""category"": ""电影"", ""play"": ""desc""}",,2634
453,"[""新上的悬疑剧"", ""这里面要高分的""]",vod_slow_search_data_search,vod_slow_search_data_search,vod_slow_search_data_search,1,1,0,0,,"{""category"": ""电视剧"", ""tag"": ""悬疑"", ""rate"": ""8 TO *"", ""date"": ""desc""}",,3262
454,"[""搞笑的综艺"", ""这里最新的""]",vod_slow_search_data_search,vod_slow_search_data_search,vod_slow_search_data_search,1,1,0,0,,"{""tag"": ""搞笑"", ""category"": ""综艺"", ""date"": ""desc""}",,2011
455,"[""搜索爱情片"", ""这里评价最好的""]",vod_slow_search_data_search,vod_slow_search_data_search,vod_slow_search_data_search,1,1,0,0,,"{""tag"": ""爱情"", ""category"": ""电影"", ""rate"": ""desc""}",,2282
456,"[""大家都在看的纪录片"", ""这里面高评分的""]",vod_slow_search_data_search,vod_slow_search_data_search,vod_slow_search_data_search,1,1,0,0,,"{""category"": ""纪录片"", ""rate"": ""8 TO *"", ""hot"": ""desc""}",,3020
457,播放量高的高分电视剧,vod_search,vod_search,vod_search,1,1,0,0,,"{""query"": {""and"": [{""field"": ""category"", ""value"": ""电视剧""}, {""field"": ""rate"", ""from"": 8, ""to"": ""*""}]}, ""sort"": {""play"": {""order"": ""desc""}}}",,2364
458,大家都在看的电影有哪些,vod_search,vod_search,vod_search,1,1,0,0,,"{""query"": {""field"": ""category"", ""value"": ""电影""}, ""sort"": {""hot"": {""order"": ""desc""}}}",,2098
459,观看量高又口碑好的国产剧,vod_search,vod_search,vod_search,1,1,0,0,,"{""query"": {""and"": [{""field"": ""category"", ""value"": ""电视剧""}, {""field"": ""area"", ""value"": ""国产""}]}, ""sort"": {""play"": {""order"": ""desc""}, ""rate"": {""order"": ""desc""}}}",,2559
460,最近很火的电影是什么？,vod_search,vod_search,vod_search,1,1,0,0,,"{""query"": {""field"": ""category"", ""value"": ""电影""}, ""sort"": {""hot"": {""order"": ""desc""}}}",,2125
461,刚上线的新剧有什么好看的？,vod_search,vod_search,vod_search,1,1,0,0,,"{""query"": {""and"": [{""field"": ""category"", ""value"": ""电视剧""}, {""field"": ""is_over"", ""value"": 0}]}, ""sort"": {""new"": {""order"": ""desc""}}}",,2375
462,大家都在看的热门剧推荐一下？,vod_search,vod_search,vod_search,1,1,0,0,,"{""query"": {""field"": ""category"", ""value"": ""电视剧""}, ""sort"": {""hot"": {""order"": ""desc""}}}",,1868
463,现在口碑好的剧有哪些？,vod_search,vod_search,vod_search,1,1,0,0,,"{""query"": {""and"": [{""field"": ""category"", ""value"": ""电视剧""}, {""field"": ""rate"", ""from"": 8, ""to"": ""*""}]}, ""sort"": {""rate"": {""order"": ""desc""}}}",,2593
464,有没有播放量高又口碑好的国产剧？,vod_search,vod_search,vod_search,1,1,0,0,,"{""query"": {""and"": [{""field"": ""category"", ""value"": ""电视剧""}, {""field"": ""area"", ""value"": ""国产""}, {""field"": ""rate"", ""from"": 8, ""to"": ""*""}, {""field"": ""area"", ""value"": ""国产""}]}, ""sort"": {""play"": {""order"": ""desc""}}}",,2900
465,近期口碑好的新片推荐一下？,vod_search,vod_search,vod_search,1,1,0,0,,"{""query"": {""and"": [{""field"": ""rate"", ""from"": 8, ""to"": ""*""}, {""field"": ""category"", ""value"": ""电影""}]}, ""sort"": {""new"": {""order"": ""desc""}}}",,2391
466,刚上线就爆火的新剧,vod_search,vod_search,vod_search,1,1,0,0,,"{""query"": {""and"": [{""field"": ""category"", ""value"": ""电视剧""}, {""field"": ""is_over"", ""value"": 0}]}, ""sort"": {""new"": {""order"": ""desc""}}}",,2180
467,播放量和口碑双高的国产剧,vod_search,vod_search,vod_search,1,1,0,0,,"{""query"": {""and"": [{""field"": ""category"", ""value"": ""电视剧""}, {""field"": ""area"", ""value"": ""国产""}, {""field"": ""rate"", ""from"": 8, ""to"": ""*""}, {""field"": ""area"", ""value"": ""国产""}]}, ""sort"": {""play"": {""order"": ""desc""}}}",,2945
468,点播量超高的高分动漫,vod_search,vod_search,vod_search,1,1,0,0,,"{""query"": {""and"": [{""field"": ""category"", ""value"": ""动漫""}, {""field"": ""rate"", ""from"": 8, ""to"": ""*""}]}, ""sort"": {""play"": {""order"": ""desc""}}}",,2336
469,观看量破亿且评分高的剧,vod_search,vod_search,vod_search,1,1,0,0,,"{""query"": {""and"": [{""field"": ""category"", ""value"": ""电视剧""}, {""field"": ""rate"", ""from"": 8, ""to"": ""*""}, {""field"": ""area"", ""value"": ""中国""}]}, ""sort"": {""play"": {""order"": ""desc""}}}",,2516
470,播放次数多的高分老电影,vod_search,vod_search,vod_search,1,1,0,0,,"{""query"": {""and"": [{""field"": ""category"", ""value"": ""电影""}, {""field"": ""rate"", ""from"": 8, ""to"": ""*""}, {""field"": ""release_year"", ""from"": ""*"", ""to"": ""20100101""}]}, ""sort"": {""play"": {""order"": ""desc""}}}",,2844
471,最近爆火的新剧有哪些,vod_search,vod_search,vod_search,1,1,0,0,,"{""query"": {""and"": [{""field"": ""category"", ""value"": ""电视剧""}, {""field"": ""is_over"", ""value"": 0}]}, ""sort"": {""hot"": {""order"": ""desc""}}}",,2127
472,刚上线就登顶热搜的热门电影,vod_search,vod_search,vod_search,1,1,0,0,,"{""query"": {""and"": [{""field"": ""category"", ""value"": ""电影""}]}, ""sort"": {""hot"": {""order"": ""desc""}}}",,2067
473,正在热播的最新爆款剧,vod_search,vod_search,vod_search,1,1,0,0,,"{""query"": {""and"": [{""field"": ""is_over"", ""value"": 0}, {""field"": ""tag"", ""value"": ""爆款""}]}, ""sort"": {""new"": {""order"": ""desc""}}}",,2289
474,最新上映的播放量黑马电影,vod_search,vod_search,vod_search,1,1,0,0,,"{""query"": {""and"": [{""field"": ""category"", ""value"": ""电影""}, {""field"": ""release_year"", ""from"": ""*"", ""to"": ""*""}, {""field"": ""tag"", ""value"": ""黑马""}]}, ""sort"": {""new"": {""order"": ""desc""}}}",,2766
475,近期播放量暴涨的国产剧,vod_search,vod_search,vod_search,1,1,0,0,,"{""query"": {""and"": [{""field"": ""area"", ""value"": ""国产""}, {""field"": ""category"", ""value"": ""电视剧""}]}, ""sort"": {""play"": {""order"": ""desc""}}}",,2367
476,口碑好、很火、刚上线的新剧,vod_search,vod_search,vod_search,1,1,0,0,,"{""query"": {""and"": [{""field"": ""category"", ""value"": ""电视剧""}, {""field"": ""rate"", ""from"": 8, ""to"": ""*""}, {""field"": ""is_over"", ""value"": 0}]}, ""sort"": {""new"": {""order"": ""desc""}}}",,2621
477,高分热门且播放量高的国产电影,vod_search,vod_search,vod_search,1,1,0,0,,"{""query"": {""and"": [{""field"": ""category"", ""value"": ""电影""}, {""field"": ""area"", ""value"": ""国产""}, {""field"": ""rate"", ""from"": 8, ""to"": ""*""}, {""field"": ""tag"", ""value"": ""热门""}]}, ""sort"": {""play"": {""order"": ""desc""}}}",,2791
478,近期热播的高口碑高播放量古装剧,vod_search,vod_search,vod_search,1,1,0,0,,"{""query"": {""and"": [{""field"": ""category"", ""value"": ""电视剧""}, {""field"": ""tag"", ""value"": ""古装""}, {""field"": ""rate"", ""from"": 8, ""to"": ""*""}, {""field"": ""is_over"", ""value"": 0}]}, ""sort"": {""hot"": {""order"": ""desc""}}}",,2863
479,刚出的播放量高又口碑好的悬疑剧,vod_search,vod_search,vod_search,1,1,0,0,,"{""query"": {""and"": [{""field"": ""category"", ""value"": ""电视剧""}, {""field"": ""tag"", ""value"": ""悬疑""}, {""field"": ""release_year"", ""from"": ""20230101"", ""to"": ""*""}, {""field"": ""rate"", ""from"": 8, ""to"": ""*""}]}, ""sort"": {""play"": {""order"": ""desc""}}}",,3255
480,全网爆火的最新高分科幻大片,vod_search,vod_search,vod_search,1,1,0,0,,"{""query"": {""and"": [{""field"": ""tag"", ""value"": ""科幻""}, {""field"": ""category"", ""value"": ""电影""}]}, ""sort"": {""new"": {""order"": ""desc""}}}",,2082
481,大家都在看的热门高分新剧,vod_search,vod_search,vod_search,1,1,0,0,,"{""query"": {""and"": [{""field"": ""category"", ""value"": ""电视剧""}, {""field"": ""rate"", ""from"": 8, ""to"": ""*""}]}, ""sort"": {""hot"": {""order"": ""desc""}}}",,2263
482,老剧里播放量高又口碑好的童年神剧,vod_search,vod_search,vod_search,1,1,0,0,,"{""query"": {""and"": [{""field"": ""is_over"", ""value"": 1}, {""field"": ""tag"", ""value"": ""童年""}, {""field"": ""tag"", ""value"": ""神剧""}]}, ""sort"": {""play"": {""order"": ""desc""}, ""rate"": {""order"": ""desc""}}}",,2612
483,近期热度高、口碑好、点播多的综艺,vod_search,vod_search,vod_search,1,1,0,0,,"{""query"": {""and"": [{""field"": ""category"", ""value"": ""综艺""}, {""field"": ""rate"", ""from"": 8, ""to"": ""*""}, {""field"": ""tag"", ""value"": ""近期""}]}, ""sort"": {""hot"": {""order"": ""desc""}}}",,2535
484,最新上线的爆款高播放量国产动漫,vod_search,vod_search,vod_search,1,1,0,0,,"{""query"": {""and"": [{""field"": ""category"", ""value"": ""动漫""}, {""field"": ""area"", ""value"": ""国产""}, {""field"": ""tag"", ""value"": ""爆款""}]}, ""sort"": {""new"": {""order"": ""desc""}}}",,2428
485,现在什么剧口碑最好啊？,vod_search,vod_search,vod_search,1,1,0,0,,"{""query"": {""field"": ""category"", ""value"": ""电视剧""}, ""sort"": {""rate"": {""order"": ""desc""}}}",,2057
486,刚上线的新剧里，哪个最值得追？,vod_search,vod_slow_search_data_search,vod_slow_search_data_search,0,0,0,0,,"{""category"": ""电视剧"", ""date"": ""desc""}",,2433
487,大家最近都在刷什么高播放量的剧？,vod_search,vod_search,vod_search,1,1,0,0,,"{""query"": {""field"": ""category"", ""value"": ""电视剧""}, ""sort"": {""play"": {""order"": ""desc""}}}",,2244
488,现在热播的剧里，哪个播放量最高？,vod_search,vod_slow_search_data_search,vod_slow_search_data_search,0,0,0,0,,"{""category"": ""电视剧"", ""play"": ""desc""}",,2537
489,近期有什么新出的高播放量综艺？,vod_search,vod_search,vod_search,1,1,0,0,,"{""query"": {""and"": [{""field"": ""category"", ""value"": ""综艺""}, {""field"": ""release_year"", ""from"": ""20230101"", ""to"": ""*""}]}, ""sort"": {""play"": {""order"": ""desc""}}}",,2584
490,热度高但口碑一般的热门剧,vod_search,vod_search,vod_search,1,1,0,0,,"{""query"": {""and"": [{""field"": ""category"", ""value"": ""电视剧""}, {""field"": ""rate"", ""from"": 0, ""to"": 6}]}, ""sort"": {""hot"": {""order"": ""desc""}}}",,2498
491,播放量低但口碑超好的冷门电影,vod_search,vod_search,vod_search,1,1,0,0,,"{""query"": {""and"": [{""field"": ""category"", ""value"": ""电影""}, {""field"": ""rate"", ""from"": 8, ""to"": ""*""}, {""field"": ""tag"", ""value"": ""冷门""}]}, ""sort"": {""play"": {""order"": ""asc""}}}",,2692
492,帮我找高分儿童动画,vod_search,vod_search,vod_search,1,1,0,0,,"{""query"": {""and"": [{""field"": ""tag"", ""value"": ""动画""}, {""field"": ""target"", ""value"": ""儿童""}, {""field"": ""rate"", ""from"": 8, ""to"": ""*""}]}}",,3074
493,有哪些评分高的儿童动画片,vod_search,vod_search,vod_search,1,1,0,0,,"{""query"": {""and"": [{""field"": ""tag"", ""value"": ""动画""}, {""field"": ""target"", ""value"": ""儿童""}, {""field"": ""rate"", ""from"": 8, ""to"": ""*""}]}}",,2347
494,口碑好的国产动漫有哪些,vod_search,vod_search,vod_search,1,1,0,0,,"{""query"": {""and"": [{""field"": ""tag"", ""value"": ""国产""}, {""field"": ""tag"", ""value"": ""动漫""}, {""field"": ""rate"", ""from"": 8, ""to"": ""*""}]}}",,2192
495,豆瓣评分8分以上的动画片,vod_search,vod_search,vod_search,1,1,0,0,,"{""query"": {""and"": [{""field"": ""tag"", ""value"": ""动画""}, {""field"": ""rate"", ""from"": 8, ""to"": ""*""}]}}",,2052
496,高评分的日本动漫推荐,vod_search,vod_search,vod_search,1,1,0,0,,"{""query"": {""and"": [{""field"": ""language"", ""value"": ""日本""}, {""field"": ""category"", ""value"": ""动漫""}, {""field"": ""rate"", ""from"": 8, ""to"": ""*""}]}, ""sort"": {""rate"": {""order"": ""desc""}}}",,2762
497,最好看的少儿动画是什么,vod_search,vod_search,vod_search,1,1,0,0,,"{""query"": {""and"": [{""field"": ""category"", ""value"": ""动画""}, {""field"": ""target"", ""value"": ""少儿""}]}, ""sort"": {""rate"": {""order"": ""desc""}}}",,2311
498,评分最高的动漫电影,vod_search,vod_search,vod_search,1,1,0,0,,"{""query"": {""and"": [{""field"": ""category"", ""value"": ""电影""}, {""field"": ""tag"", ""value"": ""动漫""}]}, ""sort"": {""rate"": {""order"": ""desc""}}}",,2354
499,有哪些经典高分的儿童动漫,vod_search,vod_search,vod_search,1,1,0,0,,"{""query"": {""and"": [{""field"": ""tag"", ""value"": ""经典""}, {""field"": ""rate"", ""from"": 8, ""to"": ""*""}, {""field"": ""target"", ""value"": ""儿童""}]}}",,2428
500,好评如潮的儿童动画推荐,vod_search,vod_search,vod_search,1,1,0,0,,"{""query"": {""and"": [{""field"": ""tag"", ""value"": ""好评如潮""}, {""field"": ""target"", ""value"": ""儿童""}, {""field"": ""category"", ""value"": ""动画""}]}}",,2367
501,评价很高的少儿益智动画,vod_search,vod_search,vod_search,1,1,0,0,,"{""query"": {""and"": [{""field"": ""tag"", ""value"": ""益智""}, {""field"": ""tag"", ""value"": ""动画""}, {""field"": ""target"", ""value"": ""少儿""}, {""field"": ""rate"", ""from"": 8, ""to"": ""*""}]}}",,2683
502,最火的儿童动画有哪些,vod_search,vod_search,vod_search,1,1,0,0,,"{""query"": {""and"": [{""field"": ""category"", ""value"": ""动画""}, {""field"": ""target"", ""value"": ""儿童""}]}, ""sort"": {""hot"": {""order"": ""desc""}}}",,2317
503,热播儿童动漫推荐,vod_search,vod_search,vod_search,1,1,0,0,,"{""query"": {""and"": [{""field"": ""tag"", ""value"": ""动漫""}, {""field"": ""target"", ""value"": ""儿童""}]}, ""sort"": {""hot"": {""order"": ""desc""}}}",,2271
504,现在小孩都在看什么动画,vod_search,vod_slow_search_data_search,vod_slow_search_data_search,0,0,0,0,,"{""category"": ""动画"", ""hot"": ""desc""}",,2282
505,最近热门的少儿动画片,vod_search,vod_search,vod_search,1,1,0,0,,"{""query"": {""and"": [{""field"": ""category"", ""value"": ""动画""}, {""field"": ""target"", ""value"": ""少儿""}]}, ""sort"": {""hot"": {""order"": ""desc""}}}",,2150
506,爆款儿童动漫有哪些,vod_search,vod_search,vod_search,1,1,0,0,,"{""query"": {""and"": [{""field"": ""tag"", ""value"": ""爆款""}, {""field"": ""target"", ""value"": ""儿童""}, {""field"": ""category"", ""value"": ""动漫""}]}}",,2309
507,最受小朋友欢迎的动画,vod_search,vod_search,vod_search,1,1,0,0,,"{""query"": {""and"": [{""field"": ""category"", ""value"": ""动画""}, {""field"": ""target"", ""value"": ""儿童""}]}, ""sort"": {""hot"": {""order"": ""desc""}}}",,2340
508,当前最流行的少儿动漫,vod_search,vod_search,vod_search,1,1,0,0,,"{""query"": {""and"": [{""field"": ""category"", ""value"": ""动漫""}, {""field"": ""target"", ""value"": ""少儿""}]}, ""sort"": {""hot"": {""order"": ""desc""}}}",,2338
509,孩子们喜欢看的热门动画,vod_search,vod_search,vod_search,1,1,0,0,,"{""query"": {""and"": [{""field"": ""target"", ""value"": ""儿童""}, {""field"": ""category"", ""value"": ""动画""}]}, ""sort"": {""hot"": {""order"": ""desc""}}}",,2337
510,热度最高的国产儿童动漫,vod_search,vod_search,vod_search,1,1,0,0,,"{""query"": {""and"": [{""field"": ""area"", ""value"": ""国产""}, {""field"": ""target"", ""value"": ""儿童""}, {""field"": ""category"", ""value"": ""动漫""}]}, ""sort"": {""hot"": {""order"": ""desc""}}}",,2542
511,最近在播的热门少儿动画,vod_search,vod_search,vod_search,1,1,0,0,,"{""query"": {""and"": [{""field"": ""category"", ""value"": ""动画""}, {""field"": ""target"", ""value"": ""少儿""}, {""field"": ""is_over"", ""value"": 0}]}, ""sort"": {""hot"": {""order"": ""desc""}}}",,2551
512,最新的儿童动画有哪些,vod_search,vod_search,vod_search,1,1,0,0,,"{""query"": {""and"": [{""field"": ""target"", ""value"": ""儿童""}, {""field"": ""tag"", ""value"": ""动画""}]}, ""sort"": {""new"": {""order"": ""desc""}}}",,2384
513,近期上新的少儿动漫,vod_search,vod_search,vod_search,1,1,0,0,,"{""query"": {""and"": [{""field"": ""category"", ""value"": ""动漫""}, {""field"": ""target"", ""value"": ""少儿""}]}, ""sort"": {""new"": {""order"": ""desc""}}}",,2384
514,2024年出的好看儿童动画,vod_search,vod_search,vod_search,1,1,0,0,,"{""query"": {""and"": [{""field"": ""release_year"", ""from"": ""20240101"", ""to"": ""20241231""}, {""field"": ""tag"", ""value"": ""好看""}, {""field"": ""target"", ""value"": ""儿童""}]}}",,2689
515,最近新出的动漫电影,vod_search,vod_search,vod_search,1,1,0,0,,"{""query"": {""and"": [{""field"": ""category"", ""value"": ""电影""}, {""field"": ""tag"", ""value"": ""动漫""}]}, ""sort"": {""new"": {""order"": ""desc""}}}",,2278
516,有没有新出的少儿动画推荐,vod_search,vod_search,vod_search,1,1,0,0,,"{""query"": {""and"": [{""field"": ""category"", ""value"": ""动画""}, {""field"": ""target"", ""value"": ""少儿""}, {""field"": ""release_year"", ""from"": ""20240101"", ""to"": ""*""}]}, ""sort"": {""new"": {""order"": ""desc""}}}",,2694
517,这两年新出的国产动漫,vod_search,vod_search,vod_search,1,1,0,0,,"{""query"": {""and"": [{""field"": ""category"", ""value"": ""动漫""}, {""field"": ""area"", ""value"": ""国产""}, {""field"": ""release_year"", ""from"": ""20220101"", ""to"": ""*""}]}}",,2344
518,刚上线的儿童动画片,vod_search,vod_search,vod_search,1,1,0,0,,"{""query"": {""and"": [{""field"": ""category"", ""value"": ""动画片""}, {""field"": ""target"", ""value"": ""儿童""}]}, ""sort"": {""new"": {""order"": ""desc""}}}",,2337
519,今年更新的动漫有哪些,vod_search,vod_slow_search_data_search,vod_slow_search_data_search,0,0,0,0,,"{""category"": ""动漫"", ""date"": ""20240101 TO 20241231""}",,2505
520,播放量最高的儿童动画,vod_search,vod_search,vod_search,1,1,0,0,,"{""query"": {""and"": [{""field"": ""category"", ""value"": ""动画""}, {""field"": ""target"", ""value"": ""儿童""}]}, ""sort"": {""play"": {""order"": ""desc""}}}",,2383
521,看的人最多的少儿动漫,vod_search,vod_search,vod_search,1,1,0,0,,"{""query"": {""and"": [{""field"": ""category"", ""value"": ""动漫""}, {""field"": ""target"", ""value"": ""少儿""}]}, ""sort"": {""play"": {""order"": ""desc""}}}",,2203
522,播放次数过亿的动画片,vod_search,vod_search,vod_search,1,1,0,0,,"{""query"": {""and"": [{""field"": ""category"", ""value"": ""动画片""}, {""field"": ""tag"", ""value"": ""播放次数过亿""}]}}",,2085
523,观看人数最多的儿童动漫,vod_search,vod_search,vod_search,1,1,0,0,,"{""query"": {""and"": [{""field"": ""category"", ""value"": ""动漫""}, {""field"": ""target"", ""value"": ""儿童""}]}, ""sort"": {""play"": {""order"": ""desc""}}}",,2439
524,全网点击量最高的少儿动画,vod_search,vod_search,vod_search,1,1,0,0,,"{""query"": {""and"": [{""field"": ""category"", ""value"": ""动画""}, {""field"": ""target"", ""value"": ""少儿""}]}, ""sort"": {""play"": {""order"": ""desc""}}}",,2423
525,最多小孩在看的动漫,vod_search,vod_search,vod_search,1,1,0,0,,"{""query"": {""and"": [{""field"": ""category"", ""value"": ""动漫""}, {""field"": ""target"", ""value"": ""儿童""}]}, ""sort"": {""play"": {""order"": ""desc""}}}",,2386
526,爆火的儿童动漫播放排行,vod_search,vod_search,vod_search,1,1,0,0,,"{""query"": {""and"": [{""field"": ""tag"", ""value"": ""动漫""}, {""field"": ""target"", ""value"": ""儿童""}]}, ""sort"": {""hot"": {""order"": ""desc""}}}",,2362
527,播放量高又评分好的儿童动画,vod_search,vod_search,vod_search,1,1,0,0,,"{""query"": {""and"": [{""field"": ""category"", ""value"": ""动画""}, {""field"": ""target"", ""value"": ""儿童""}]}, ""sort"": {""play"": {""order"": ""desc""}, ""rate"": {""order"": ""desc""}}}",,2660
528,最新高分的少儿动漫推荐,vod_search,vod_search,vod_search,1,1,0,0,,"{""query"": {""and"": [{""field"": ""category"", ""value"": ""动漫""}, {""field"": ""target"", ""value"": ""少儿""}]}, ""sort"": {""new"": {""order"": ""desc""}}}",,2261
529,最近热播的高分儿童动画,vod_search,vod_search,vod_search,1,1,0,0,,"{""query"": {""and"": [{""field"": ""category"", ""value"": ""动画""}, {""field"": ""target"", ""value"": ""儿童""}, {""field"": ""rate"", ""from"": 8, ""to"": ""*""}, {""field"": ""tag"", ""value"": ""热播""}]}, ""sort"": {""hot"": {""order"": ""desc""}}}",,2795
530,新出的且播放量高的动漫,vod_search,vod_search,vod_search,1,1,0,0,,"{""query"": {""and"": [{""field"": ""category"", ""value"": ""动漫""}, {""field"": ""release_year"", ""from"": ""20240101"", ""to"": ""*""}, {""field"": ""tag"", ""value"": ""新""}]}, ""sort"": {""play"": {""order"": ""desc""}}}",,2669
531,口碑好播放量高的儿童动漫,vod_search,vod_search,vod_search,1,1,0,0,,"{""query"": {""and"": [{""field"": ""category"", ""value"": ""动漫""}, {""field"": ""target"", ""value"": ""儿童""}]}, ""sort"": {""rate"": {""order"": ""desc""}, ""play"": {""order"": ""desc""}}}",,2331
532,近期最火的高分少儿动画,vod_search,vod_search,vod_search,1,1,0,0,,"{""query"": {""and"": [{""field"": ""category"", ""value"": ""动画""}, {""field"": ""target"", ""value"": ""少儿""}, {""field"": ""rate"", ""from"": 8, ""to"": ""*""}, {""field"": ""release_year"", ""from"": ""20230101"", ""to"": ""*""}]}, ""sort"": {""hot"": {""order"": ""desc""}}}",,3326
533,豆瓣高分且热度高的动漫电影,vod_search,vod_search,vod_search,1,1,0,0,,"{""query"": {""and"": [{""field"": ""category"", ""value"": ""电影""}, {""field"": ""tag"", ""value"": ""动漫""}, {""field"": ""rate"", ""from"": 8, ""to"": ""*""}, {""field"": ""tag"", ""value"": ""高分""}]}, ""sort"": {""rate"": {""order"": ""desc""}}}",,2952
534,《赴山海》更新到第几季多少集了？,vod_slow_search_data_search,vod_slow_search_data_search,vod_slow_search_data_search,1,1,0,0,,,,1563
535,《凡人修仙传》电视剧现在更到哪一集了？,vod_slow_search_data_search,vod_slow_search_data_search,vod_slow_search_data_search,1,1,0,0,,"{""category"": ""电视剧""}",,2154
536,《低智商犯罪》一共多少集，现在更完了吗？,vod_slow_search_data_search,vod_slow_search_data_search,vod_slow_search_data_search,1,1,0,0,,,,1588
537,《淬火年代》目前播到第几集了？,vod_slow_search_data_search,vod_slow_search_data_search,vod_slow_search_data_search,1,1,0,0,,,,1810
538,《五十公里桃花坞》第六季现在更新到第几期了？,vod_slow_search_data_search,vod_slow_search_data_search,vod_slow_search_data_search,1,1,0,0,,,,2324
539,《半熟恋人》第五季播到多少期了？,vod_slow_search_data_search,vod_slow_search_data_search,vod_slow_search_data_search,1,1,0,0,,,,1827
540,《歌手2026》现在更新到第几期了？,vod_slow_search_data_search,vod_slow_search_data_search,vod_slow_search_data_search,1,1,0,0,,,,1839
541,《哈哈哈哈哈》更到哪一期了？,vod_slow_search_data_search,vod_slow_search_data_search,vod_slow_search_data_search,1,1,0,0,,,,2040
542,《妻子的浪漫旅行2026》一共多少期，现在更到哪了？,vod_slow_search_data_search,vod_slow_search_data_search,vod_slow_search_data_search,1,1,0,0,,,,2078
543,《河西走廊》4K版一共多少集？更新完了吗？,vod_slow_search_data_search,vod_slow_search_data_search,vod_slow_search_data_search,1,1,0,0,,,,2665
544,《人生一万年》第二季现在更到第几集了？,vod_slow_search_data_search,vod_slow_search_data_search,vod_slow_search_data_search,1,1,0,0,,,,1992
545,《我的梦想我的城》第五季播到多少集了？,vod_slow_search_data_search,vod_slow_search_data_search,vod_slow_search_data_search,1,1,0,0,,,,1913
546,《一路象北》现在出到第几集了？,vod_slow_search_data_search,vod_slow_search_data_search,vod_slow_search_data_search,1,1,0,0,,,,1995
547,《左宗棠收复新疆》纪录片一共多少集？,vod_slow_search_data_search,vod_slow_search_data_search,vod_slow_search_data_search,1,1,0,0,,,,2007
548,《海贼王》现在更新到第几集了？,vod_slow_search_data_search,vod_slow_search_data_search,vod_slow_search_data_search,1,1,0,0,,,,1971
549,《喜羊羊与灰太狼之异国破晓》一共多少集，更完了吗？,vod_slow_search_data_search,vod_slow_search_data_search,vod_slow_search_data_search,1,1,0,0,,,,2069
550,《完美世界》动画现在更新到第几集了？,vod_slow_search_data_search,vod_slow_search_data_search,vod_slow_search_data_search,1,1,0,0,,,,1994
551,《名侦探柯南》国语版更到哪一集了？,vod_slow_search_data_search,vod_slow_search_data_search,vod_slow_search_data_search,1,1,0,0,,,,2725
552,《大宋喵喵志》第二季一共多少集？播完了吗？,vod_slow_search_data_search,vod_slow_search_data_search,vod_slow_search_data_search,1,1,0,0,,,,2087
553,《特浩兄弟的奇幻冒险智斗黑虎》现在更新到第几集了？,vod_slow_search_data_search,vod_slow_search_data_search,vod_slow_search_data_search,1,1,0,0,,,,2220
554,《开心锤锤》最新更新到哪一期了？,vod_slow_search_data_search,vod_slow_search_data_search,vod_slow_search_data_search,1,1,0,0,,"{""date"": ""desc""}",,2770
555,《神墓年番》现在更到多少集了？,vod_slow_search_data_search,vod_slow_search_data_search,vod_slow_search_data_search,1,1,0,0,,,,1915
556,庆余年更新到第几集了？,vod_slow_search_data_search,vod_slow_search_data_search,vod_slow_search_data_search,1,1,0,0,,,,2007
557,小猪佩奇更新到第几季了？,vod_slow_search_data_search,vod_slow_search_data_search,vod_slow_search_data_search,1,1,0,0,,,,2047
558,奔跑吧现在更新到第几期了？,vod_slow_search_data_search,vod_slow_search_data_search,vod_slow_search_data_search,1,1,0,0,,,,1890
559,舌尖上的中国现在播到第几季第几集了？,vod_slow_search_data_search,vod_slow_search_data_search,vod_slow_search_data_search,1,1,0,0,,,,2052
560,海贼王这部动漫已经更新到哪一集了？,vod_slow_search_data_search,vod_slow_search_data_search,vod_slow_search_data_search,1,1,0,0,,,,2124
561,《长相思》现在播到第几集？,vod_slow_search_data_search,vod_slow_search_data_search,vod_slow_search_data_search,1,1,0,0,,,,2100
562,《庆余年》第二季更新到第几集了？,vod_slow_search_data_search,vod_slow_search_data_search,vod_slow_search_data_search,1,1,0,0,,,,2585
563,《琅琊榜》全集有多少集？,vod_slow_search_data_search,vod_slow_search_data_search,vod_slow_search_data_search,1,1,0,0,,,,2057
564,《汪汪队立大功》现在第几季第几集？,vod_slow_search_data_search,vod_slow_search_data_search,vod_slow_search_data_search,1,1,0,0,,,,2141
565,《超级飞侠》总共多少集？,vod_slow_search_data_search,vod_slow_search_data_search,vod_slow_search_data_search,1,1,0,0,,,,2156
566,《熊出没》更新到第几季了？,vod_slow_search_data_search,vod_slow_search_data_search,vod_slow_search_data_search,1,1,0,0,,,,2148
567,《喜羊羊与灰太狼》现在播到第几集？,vod_slow_search_data_search,vod_slow_search_data_search,vod_slow_search_data_search,1,1,0,0,,,,2079
568,《海底小纵队》最新更新到第几集？,vod_slow_search_data_search,vod_slow_search_data_search,vod_slow_search_data_search,1,1,0,0,,,,2104
569,《托马斯小火车》一共多少季？,vod_slow_search_data_search,vod_slow_search_data_search,vod_slow_search_data_search,1,1,0,0,,,,1935
570,《猪猪侠》更新到第几季第几集？,vod_slow_search_data_search,vod_slow_search_data_search,vod_slow_search_data_search,1,1,0,0,,,,1823
571,《巴啦啦小魔仙》动画版有多少集？,vod_slow_search_data_search,vod_slow_search_data_search,vod_slow_search_data_search,1,1,0,0,,"{""tag"": ""动画""}",,1773
572,《宝宝巴士》更新到第几集了？,vod_slow_search_data_search,vod_slow_search_data_search,vod_slow_search_data_search,1,1,0,0,,,,1532
573,《海贼王》这部动漫已经更新到哪一集了？,vod_slow_search_data_search,vod_slow_search_data_search,vod_slow_search_data_search,1,1,0,0,,,,1414
574,《火影忍者》总共多少集？,vod_slow_search_data_search,vod_slow_search_data_search,vod_slow_search_data_search,1,1,0,0,,,,1292
